{
  "recipeId" : 148,
  "directions" : [ "Finely mash tofu with a fork in a bowl, then let drain in a sieve set over another bowl, about 15 minutes (discard liquid).", "While tofu drains, whisk together mayonnaise, lemon juice, turmeric, and mustard in bowl, then stir in tofu, celery, chives, salt, and pepper." ],
  "fat" : 31.0,
  "date" : "2004-08-20T04:00:00.000Z",
  "categories" : [ "Salad", "Sandwich", "Vegetarian", "Kid-Friendly", "Quick & Easy", "Lunch", "Mayonnaise", "Tofu", "Celery", "Summer", "Healthy", "Chive", "Gourmet", "Sugar Conscious", "Pescatarian", "Dairy Free", "Wheat/Gluten-Free", "Peanut Free", "Tree Nut Free", "Kosher" ],
  "calories" : 352.0,
  "desc" : "This looks and tastes like egg salad, even though it's made with tofu.",
  "protein" : 16.0,
  "rating" : 3.125,
  "title" : "Creamy Tofu Salad ",
  "ingredients" : [ "1 (14-oz) package firm tofu, rinsed and drained", "1/2 cup mayonnaise", "1 teaspoon fresh lemon juice", "1 teaspoon turmeric", "1/2 teaspoon dry mustard", "2 celery ribs, finely chopped", "1/4 cup chopped fresh chives", "1/2 teaspoon salt, or to taste", "1/4 teaspoon black pepper, or to taste", "Accompaniments: sandwich bread; lettuce leaves; sliced tomato" ],
  "sodium" : 488.0
}