{
  "recipeId" : 361,
  "directions" : [ "Put oven rack in middle position and preheat oven to 375°F.", "Grind baguette cubes to coarse crumbs in 3 batches in a food processor. Spread evenly in a large shallow baking pan and bake, stirring once, until golden and crisp, 15 to 18 minutes. Cool completely before using." ],
  "fat" : 0.0,
  "date" : "2004-08-20T04:00:00.000Z",
  "categories" : [ "Bread", "Condiment/Spread", "Food Processor", "Bake", "Quick & Easy", "Winter", "Gourmet" ],
  "calories" : 14.0,
  "desc" : "As a crisp topping for pasta or steamed vegetables (Garlic Baguette Crumbs) or as a crucial ingredient (in the Apple Prune Brown Betty), these are worlds apart from store-bought bread crumbs.",
  "protein" : 1.0,
  "rating" : 5.0,
  "title" : "Toasted Baguette Crumbs ",
  "ingredients" : [ "1 (12-inch) piece day-old baguette, cut into 1/2-inch cubes (6 cups)" ],
  "sodium" : 30.0
}