{
  "recipeId" : 448,
  "directions" : [ "Sprinkle pork strips with salt and pepper. Heat oil in heavy large skillet over medium-high heat. Add pork strips and sauté until just cooked through, about 2 minutes. Using slotted spoon, transfer pork strips to plate. Add onion to skillet. Sauté until golden brown, about 7 minutes; remove from heat. Add bourbon and stir up browned bits. Add barbecue sauce. Simmer until sauce thickens, stirring often, about 3 minutes. Return pork strips to sauce; heat 1 minute. Mound pork strips with sauce on bun bottoms; top with coleslaw and bun tops." ],
  "fat" : 31.0,
  "date" : "2004-08-20T04:00:00.000Z",
  "categories" : [ "Sandwich", "Bourbon", "Pork", "Sauté", "Super Bowl", "Dinner", "Lunch", "Meat", "Pork Chop", "Fall", "Summer", "Grill/Barbecue", "Bon Appétit", "Dairy Free", "Peanut Free", "Tree Nut Free", "Soy Free" ],
  "calories" : 752.0,
  "desc" : "Celery and jicama sticks with ranch dip and sweet-potato chips are good with this downright delicious sandwich. Finish with squares of crumb cake and chocolate milk.",
  "protein" : 32.0,
  "rating" : 3.75,
  "title" : "Pork on a Bun with Bourbon-Barbecue Sauce ",
  "ingredients" : [ "8 ounces boneless pork loin chops, cut crosswise into 1/4-inch-thick strips", "2 tablespoons olive oil", "1 large onion, thinly sliced", "3 tablespoons bourbon", "1/3 cup purchased barbecue sauce", "2 large sandwich buns or kaiser rolls, split horizontally", "1/2 cup purchased coleslaw" ],
  "sodium" : 1065.0
}