{
  "recipeId" : 374,
  "directions" : [ "Preheat oven to 325°F. Line a baking sheet with foil and lightly oil with grapeseed oil.", "Remove zest from oranges with a vegetable peeler and trim any white pith from zest with a sharp paring knife. Bring zest, sugar, and waterto a boil in a 3-quart saucepan, stirring until sugar is dissolved. Reduce heat and simmer, uncovered, until syrupy, about 6 minutes. Drain zest in a sieve and spread out on baking sheet.", "Bake zest in middle of oven until dry and crisp, 15 to 20 minutes. Cool on baking sheet on a rack. Grind zest to a powder in electric coffee/spice grinder." ],
  "fat" : 1.0,
  "date" : "2004-08-20T04:00:00.000Z",
  "categories" : [ "Condiment/Spread", "Bake", "Orange", "Gourmet" ],
  "calories" : 175.0,
  "desc" : "This recipe is an accompaniment for Shrimp with Orange Dust .",
  "protein" : 1.0,
  "rating" : 0.0,
  "title" : "Orange Dust ",
  "ingredients" : [ "1/2 teaspoon grapeseed oil", "2 navel oranges (preferably organic)", "1/4 cup sugar", "1 cup water", "Special equipment: an electric coffee/spice grinder" ],
  "sodium" : 6.0
}