{
  "recipeId" : 93,
  "directions" : [ "Place cucumbers in colander. Sprinkle with salt. Let stand 15 minutes. Rinse cucumbers. Drain on paper towels. Combine mint, garlic, and oregano in large bowl. Stir in yogurt and cream. Add cucumber and stir to coat. Season with pepper. Refrigerate until chilled. (Can be prepared 5 hours ahead.)" ],
  "fat" : 3.0,
  "date" : "2004-08-20T04:00:00.000Z",
  "categories" : [ "Salad", "Dairy", "No-Cook", "Yogurt", "Mint", "Cucumber", "Summer", "Bon Appétit", "Kansas" ],
  "calories" : 62.0,
  "desc" : null,
  "protein" : 2.0,
  "rating" : 3.75,
  "title" : "Cucumber-Yogurt Salad with Mint ",
  "ingredients" : [ "3 medium cucumbers, peeled, seeded, diced", "1 1/2 teaspoons salt", "1 tablespoon fresh mint, minced", "1 garlic clove, minced", "1 teaspoon dried oregano", "1 8-ounce container plain yogurt", "2 tablespoons whipping cream", "Pepper" ],
  "sodium" : 603.0
}