{
  "recipeId" : 352,
  "directions" : [ "Whisk together the garlic, mustard, vinegar, lemon juice, honey, hot sauce, salt, and pepper in a large bowl. Slowly whisk in the olive oil until the dressing is emulsified. Alternatively, you can combine all the ingredients in a blender or a food processor and puré until smooth." ],
  "fat" : 73.0,
  "date" : "2009-05-13T04:00:00.000Z",
  "categories" : [ "Mustard", "Salad Dressing", "Vinegar", "Honey" ],
  "calories" : 749.0,
  "desc" : null,
  "protein" : 1.0,
  "rating" : 5.0,
  "title" : "Champagne Vinaigrette ",
  "ingredients" : [ "1 garlic clove, finely chopped", "2 tablespoons dijon Mustard", "1/4 cup champagne vinegar", "2 tablespoons fresh lemon juice", "2 tablespoons honey", "2 or 3 dashes hot sauce", "1/2 teaspoon salt", "1/2 teaspoon freshly ground black pepper", "1/2 cup extra virgin olive oil" ],
  "sodium" : 937.0
}