{
  "recipeId" : 71,
  "directions" : [ "Mash first 3 ingredients in small bowl until almost smooth. Place bread on work surface and spread mixture on 1 side of each slice. Top each of 4 bread slices with 1/4 of beef, then onion and arugula. Season with pepper. Top with remaining bread, cheese side down.", "Melt butter in heavy large skillet over medium-high heat. Add sandwiches and cook until golden, about 2 minutes per side. Serve hot." ],
  "fat" : 37.0,
  "date" : "2004-08-20T04:00:00.000Z",
  "categories" : [ "Sandwich", "Beef", "Cheese", "Leafy Green", "Onion", "Quick & Easy", "Blue Cheese", "Arugula", "Spring", "Bon Appétit" ],
  "calories" : 641.0,
  "desc" : null,
  "protein" : 39.0,
  "rating" : 4.375,
  "title" : "Grilled Roast Beef and Stilton Sandwich ",
  "ingredients" : [ "1 cup crumbled Stilton cheese", "2 tablespoons mayonnaise", "1 tablespoon prepared horseradish", "8 3x5-inch sourdough bread slices", "1 pound thinly sliced roast beef", "1/2 red onion, thinly sliced", "1 bunch arugula, stems trimmed", "2 tablespoons (1/4 stick) butter" ],
  "sodium" : 907.0
}