{
  "recipeId" : 169,
  "directions" : [ "Whisk 1/2 cup crumbled feta, 3 tablespoons fresh lemon juice, and 2 tablespoons olive oil; season with kosher salt and freshly ground black pepper. Toss with 1/4 thinly sliced red onion, 2 thinly sliced radishes, 1/2 pound green beans (shaved with a peeler), and 1/4 cup chopped Kalamata olives. Build 4 sandwiches with 8 slices bread, 4 sliced hard-boiled eggs, and slaw." ],
  "fat" : 19.0,
  "date" : "2013-05-09T04:00:00.000Z",
  "categories" : [ "Sandwich", "Bean", "Egg", "Kid-Friendly", "Quick & Easy", "Lunch", "Feta", "Radish", "Spring", "Summer", "Bon Appétit", "Vegetarian", "Pescatarian", "Peanut Free", "Tree Nut Free", "Soy Free", "Kosher" ],
  "calories" : 374.0,
  "desc" : "\"As a kid, I loved frenched green beans drenched in butter! Here, in a creamy raw slaw atop barely hardboiled eggs, they're all grown up.\" —Allie Lewis Clapp, food editor",
  "protein" : 16.0,
  "rating" : 0.0,
  "title" : "Egg Sandwich with Green Bean Slaw ",
  "ingredients" : [ "1/2 cup crumbled feta", "3 tablespoons fresh lemon juice", "2 tablespoons olive oil", "Kosher salt", "Freshly ground black pepper", "1/4 thinly sliced red onion", "2 thinly sliced radishes", "1/2 pound green beans (shaved with a peeler)", "1/4 cup chopped Kalamata olives", "8 slices bread", "4 sliced hard-boiled eggs" ],
  "sodium" : 590.0
}