{
  "recipeId" : 216,
  "directions" : [ "Preheat oven to 350°F. Lightly butter 8-inch square baking pan. Stir 1/2 cup butter and chocolate in heavy medium saucepan over medium-low heat until melted and smooth. Remove from heat; mix in coffee powder. Add sugar, flour, eggs and vanilla and blend well. Mix in walnuts. Spoon batter into prepared pan.", "Bake brownies until tester inserted into center comes out with a few moist crumbs attached, about 20 minutes (center should be slightly underbaked). Cool in pan on rack 30 minutes. Cut into large squares and serve." ],
  "fat" : 20.0,
  "date" : "2004-08-20T04:00:00.000Z",
  "categories" : [ "Coffee", "Chocolate", "Dessert", "Bake", "Walnut", "Family Reunion", "Bon Appétit" ],
  "calories" : 311.0,
  "desc" : "Because these brownies are thinner than most, they bake quickly.",
  "protein" : 4.0,
  "rating" : 3.125,
  "title" : "Mocha Brownies ",
  "ingredients" : [ "1/2 cup (1 stick) unsalted butter", "2 ounces unsweetened chocolate, chopped", "1 teaspoon instant coffee powder", "1 cup sugar", "1/2 cup all purpose flour", "2 large eggs", "1 teaspoon vanilla extract", "1/2 cup chopped walnuts (about 2 1/2 ounces)" ],
  "sodium" : 19.0
}