{
  "recipeId" : 42,
  "directions" : [ "Fill 2 Old Fashioned glasses with ice. Divide rye, honey liqueur, and bitters between glasses. Stir for 5 seconds. Top with a splash of ginger ale. Garnish with orange twists." ],
  "fat" : null,
  "date" : "2011-08-10T04:00:00.000Z",
  "categories" : [ "Bitters", "Liqueur", "Alcoholic", "Cocktail Party", "Father's Day", "Cocktail", "Rye", "Bon Appétit", "Drink" ],
  "calories" : null,
  "desc" : "For inspiration, co-owner Eyal Raziel looked to his native Israel, where honey liqueur is popular. \"The Bärenjäger balances the kick of the rye,\" he says.",
  "protein" : null,
  "rating" : 0.0,
  "title" : "Honey Rye ",
  "ingredients" : [ "5 tablespoons rye whiskey", "3 tablespoons honey liqueur (such as Bärenjäger)", "1/4 teaspoon orange bitters", "Ginger ale", "2 orange twists", "Ingredient info: Honey liqueur is available at well-stocked liquor stores and online from bevmo.com." ],
  "sodium" : null
}