{
  "recipeId" : 430,
  "directions" : [ "Put the onion in a small bowl and pour in enough red wine vinegar to cover well. Set aside for at least 30 minutes or up to several weeks.", "Pour the olive oil into a small bowl and add the ancho chile powder, oregano, cumin, chopped cilantro, and jalapeño. Mix well. Place the fish on a dish and pour the marinade over it, making sure to coat the fish well on both sides. Allow to marinate for 20 minutes.", "Heat a nonstick sauté pan over medium-high heat. Remove the fish from the marinade and place in the hot pan (there is no need to add more oil). Season the fish with salt. Cook the fish for 4 minutes undisturbed, then turn over, and cook for another 2 minutes. Remove the pan from the heat and flake the fish into the pan with a fork, making sure to mix in all the marinade that has stuck to the bottom of the pan. Check for seasoning and add more salt if necessary. Set aside.", "Place four of the tortillas on a plate and sandwich them between two slightly dampened sheets of paper towel. Microwave on high for 45 seconds. Place the warm tortillas in a towel-lined basket or plate and cover. Repeat with the remaining tortillas.", "To assemble the tacos, place a heaping spoonful of the marinated flaked fish onto the center of a tortilla. Top with the marinated onions. Serve accompanied by Mexican crema and salsa.", "Garnish with lime wedges and cilantro sprigs." ],
  "fat" : null,
  "date" : "2009-05-05T04:00:00.000Z",
  "categories" : [ "Fish", "Marinate", "Sauté", "Super Bowl", "Cinco de Mayo", "Backyard BBQ", "Seafood", "Cod", "Summer", "Tailgating", "Family Reunion", "Party", "Tortillas" ],
  "calories" : null,
  "desc" : "Tacos have been part of Mexico's culinary heritage for well over a hundred years. These folded tortillas can be stuffed with any number of fillings—with each Mexican state claiming stake to their own. Fish tacos are said to come from Baja California, Mexico's northernmost state. While the original fish taco was made with deep-fried fish, this recipe—made with sautéed fish—is a delicious and fresh version. This recipe is easily doubled, which makes it a great dish to make when entertaining a crowd.",
  "protein" : null,
  "rating" : 4.375,
  "title" : "Fish Tacos ",
  "ingredients" : [ "1/2 red onion, thinly sliced", "About 1 1/2 cups red wine vinegar", "1/4 cup olive oil", "1 1/2 teaspoons ancho chile powder", "1 1/2 teaspoons dried oregano", "1/2 teaspoon ground cumin", "1/4 cup lightly packed fresh cilantro leaves, chopped, plus more for garnish", "1 jalapeño, stemmed and chopped", "1 pound flaky white fish (such as mahi mahi or cod), cut into 4 pieces", "Salt", "8 fresh corn tortillas", "Mexican crema, homemade or store-bought", "Fresh Tomato Salsa", "2 limes, cut into quarters" ],
  "sodium" : null
}