{
  "recipeId" : 485,
  "directions" : [ "Dissolve the salt and sugar in the vinegar, add the sour cream and stir smooth. You may like more or less vinegar, salt or sugar, but don't make the dressing too sweet. Add the chives, dill and celery seed. Slice the unpared cucumbers paper-thin and combine with the dressing. Chill for 1 hour or more. Sour cream cucumbers improve in taste as they stand. The flavor of the cucumbers seeps into the dressing." ],
  "fat" : 12.0,
  "date" : "2004-08-20T04:00:00.000Z",
  "categories" : [ "Salad", "Herb", "Side", "Cucumber", "Summer", "Chill", "Sour Cream", "House & Garden", "Vegetarian", "Pescatarian", "Wheat/Gluten-Free", "Peanut Free", "Tree Nut Free", "Soy Free", "Kosher" ],
  "calories" : 150.0,
  "desc" : null,
  "protein" : 2.0,
  "rating" : 4.375,
  "title" : "Sour Cream Cucumbers ",
  "ingredients" : [ "1/2 teaspoon salt", "1 scant tablespoon sugar", "2 tablespoons cider vinegar", "1 cup sour cream", "2 tablespoons chopped chives or a grating of onion", "2 tablespoons chopped fresh dill, head and fronds", "1 teaspoon celery seed", "2 firm fresh cucumbers" ],
  "sodium" : 323.0
}