{
  "recipeId" : 258,
  "directions" : [ "Place avocado, basil, 1/2 cup broth, garlic and lime juice in blender. Blend until chopped, scraping down sides as needed. With machine running, gradually add oil and blend until smooth. If too thick, gradually add more broth by tablespoons. Season with salt and pepper. (Can be made 1 day ahead; chill.)" ],
  "fat" : 36.0,
  "date" : "2004-08-20T04:00:00.000Z",
  "categories" : [ "Sauce", "Blender", "Citrus", "Garlic", "Herb", "Quick & Easy", "Basil", "Avocado", "Summer", "Bon Appétit" ],
  "calories" : 354.0,
  "desc" : "An easy-to-make sauce to accompany grilled chicken or to toss with pasta. Sprinkle the pasta with some crumbled feta cheese before serving, if desired.",
  "protein" : 3.0,
  "rating" : 3.125,
  "title" : "Avocado \"Pesto\" ",
  "ingredients" : [ "1 medium avocado, peeled, halved", "1 cup lightly packed fresh basil leaves", "1/2 cup (or more) canned chicken broth", "4 large garlic cloves", "2 tablespoons fresh lime juice", "1/2 cup vegetable oil" ],
  "sodium" : 37.0
}