{
  "recipeId" : 458,
  "directions" : [ "1. Whisk the ketchup, mayonnaise, chili sauce, and relish together in a deep medium bowl.", "2. Stir together the pickle, green pepper, and onion until mixed in a small bowl. Add to the ketchup-mayonnaise mixture and whisk until evenly distributed throughout. Store in the refrigerator, tightly covered, and use within 2 days. Serve cold." ],
  "fat" : 26.0,
  "date" : "2013-10-24T04:00:00.000Z",
  "categories" : [ "Vegetarian", "Salad Dressing", "Mayonnaise" ],
  "calories" : 337.0,
  "desc" : "This dressing is served on the side with Junior's Reuben sandwiches. It's so good that you'll find many other foods it matches up perfectly with, like sliced roasted turkey or chicken salad, a cold poached salmon salad, cold roast beef, or a fresh tomato salad.",
  "protein" : 2.0,
  "rating" : 5.0,
  "title" : "Junior's Russian Dressing ",
  "ingredients" : [ "3/4 cup ketchup", "1/2 cup Hellmann's Real Mayonnaise (don't use light or nonfat)", "1/3 cup bottled chili sauce", "1/4 cup drained pickle relish", "Half of a large dill pickle, finely chopped", "1/3 cup finely chopped green bell pepper", "1/4 cup finely chopped onion" ],
  "sodium" : 1303.0
}