{
  "recipeId" : 26,
  "directions" : [ "Gently combine the eggs, cucumbers, shallots, green onions, and basil in a medium bowl. Stir in the mayonnaise, salt, and pepper.", "Store in the refrigerator for up to three days." ],
  "fat" : 20.0,
  "date" : "2011-03-31T04:00:00.000Z",
  "categories" : [ "Egg", "Herb", "Vegetable", "Side", "Easter", "Vegetarian", "Mother's Day", "Father's Day", "Dinner", "Lunch", "Basil", "Cucumber", "Spring", "Summer", "Shower", "Chill", "Party", "Boil", "Advance Prep Required", "Sugar Conscious", "Kidney Friendly", "Pescatarian", "Paleo", "Dairy Free", "Wheat/Gluten-Free", "Peanut Free", "Tree Nut Free", "Soy Free", "Kosher" ],
  "calories" : 215.0,
  "desc" : "The glories of summer are captured in this pale green egg salad redolent of fresh basil, green onions, and crunchy cucumbers. Serve it surrounded by greens or tucked into pita loaves or slices of crusty bread for a satisfying lunch.",
  "protein" : 6.0,
  "rating" : 3.75,
  "title" : "Cucumber-Basil Egg Salad ",
  "ingredients" : [ "6 hard-cooked eggs, diced (2 cups)", "3/4 cup seeded, diced cucumbers (about 1/2 cucumber)", "1/4 cup minced shallots", "1/2 cup sliced green onions (green part only)", "3 tablespoons lightly packed chopped fresh basil", "1/2 cup mayonnaise", "1/4 teaspoon kosher salt", "1/4 teaspoon freshly ground pepper" ],
  "sodium" : 250.0
}