{
  "recipeId" : 439,
  "directions" : [ "Place raspberries in small bowl. Crush lightly with back of spoon. Stir in 3 tablespoons sugar. Set sauce aside.", "Spray four 3/4-cup custard cups with vegetable oil spray. Pour 1 tablespoon milk into small bowl. Sprinkle gelatin over and let stand until softened, about 10 minutes.", "Combine cream, 1/4 cup sugar and 1/3 cup milk in heavy medium saucepan. Scrape in seeds from vanilla bean; add bean. Bring to boil over medium heat, stirring often. Remove from heat. Add gelatin mixture and stir until melted. Strain mixture into large glass measuring cup. Stir in Frangelico, if desired. Chill until cold, about 2 hours. Pour into custard cups, cover and chill overnight.", "Run small sharp knife around sides of cups to loosen custards. Invert custards onto plates. Serve with sauce." ],
  "fat" : 20.0,
  "date" : "2004-08-20T04:00:00.000Z",
  "categories" : [ "Milk/Cream", "Fruit", "Dessert", "Valentine's Day", "Low Sodium", "Raspberry", "Frangelico", "Anniversary", "Chill", "Bon Appétit", "Kidney Friendly", "Wheat/Gluten-Free", "Peanut Free", "Soy Free" ],
  "calories" : 329.0,
  "desc" : "Panna cotta means \"cooked cream\" in Italian, and, indeed, that is just about all these elegant little desserts consist of. A touch of hazelnut liqueur and a rustic sauce of crushed berries make this version just right for romantic company.",
  "protein" : 4.0,
  "rating" : 3.75,
  "title" : "Panna Cotta with Crushed Raspberry Sauce ",
  "ingredients" : [ "1 12-ounce package frozen unsweetened raspberries, thawed, drained", "3 tablespoons plus 1/4 cup sugar", "Nonstick vegetable oil spray", "1 tablespoon plus 1/3 cup milk (do not use low-fat or nonfat)", "1 1/4 teaspoons unflavored gelatin", "1 3/4 cups whipping cream", "1/2 vanilla bean, split lengthwise", "2 tablespoons Frangelico (hazelnut liqueur; optional)" ],
  "sodium" : 31.0
}