{
  "recipeId" : 376,
  "directions" : [ "Preheat oven to 375°F. Combine first 5 ingredients in 8-inch square baking dish. Pour 1/2 cup broth over vegetables. Bake until vegetables are very tender, about 40 minutes. Transfer mixture to processor and puree until smooth, adding additional broth as necessary to thin to sauce consistency.", "Season to taste with salt. (Can be prepared 2 days ahead. Cover and refrigerate.) Bring sauce to simmer and serve." ],
  "fat" : 1.0,
  "date" : "2004-08-20T12:48:48.000Z",
  "categories" : [ "Sauce", "Garlic", "Pepper", "Tomato", "Roast", "Bon Appétit" ],
  "calories" : 32.0,
  "desc" : null,
  "protein" : 2.0,
  "rating" : 3.125,
  "title" : "Roasted Tomato Sauce ",
  "ingredients" : [ "4 large plum tomatoes, quartered", "1/2 small onion, coarsely chopped", "2 large garlic cloves, peeled", "1 small jalapeño chili, halved", "1/2 teaspoon dried oregano, crumbled", "1 cup (about) canned unsalted chicken broth" ],
  "sodium" : 23.0
}