{
  "recipeId" : 442,
  "directions" : [ "Using electric mixer, beat cream cheese and butter in large bowl until smooth. Add powdered sugar and ginger; beat until fluffy and smooth. (Can be made 1 day ahead. Cover; chill. Bring to room temperature, then beat until fluffy before using.)" ],
  "fat" : 13.0,
  "date" : "2004-08-20T04:00:00.000Z",
  "categories" : [ "Dairy", "Ginger", "Dessert", "Bake", "Quick & Easy", "Cream Cheese", "Spring", "Bon Appétit", "Kidney Friendly", "Vegetarian", "Pescatarian", "Wheat/Gluten-Free", "Peanut Free", "Tree Nut Free", "Soy Free", "Kosher" ],
  "calories" : 258.0,
  "desc" : "This recipe originally accompanied Carrot Cupcakes with Ginger-Cream Icing .",
  "protein" : 1.0,
  "rating" : 4.375,
  "title" : "Ginger-Cream Cheese Icing ",
  "ingredients" : [ "2 3-ounce packages cream cheese, room temperature", "6 tablespoons (3/4 stick) unsalted butter, room temperature", "3 cups powdered sugar", "2 teaspoons finely grated peeled fresh ginger" ],
  "sodium" : 64.0
}