{
  "recipeId" : 77,
  "directions" : [ "Preheat oven to 450°F.", "Halve squash lengthwise and discard seeds and strings. Cut each half lengthwise into 3 wedges and arrange wedges, skin sides down, in a shallow baking pan. In a small saucepan melt butter with brown sugar over moderate heat, stirring occasionally until sugar is dissolved. Stir in nutmeg and cloves and remove pan from heat. Spoon butter mixture over squash and cover baking pan with foil.", "Bake squash in middle of oven 30 minutes. Remove pan from oven and scatter chestnuts over squash. Re-cover pan with foil and roast squash and chestnuts 30 minutes, or until squash is tender. Squash and chestnuts may be made up to this point 6 hours ahead and kept, covered, at room temperature.", "Remove foil from pan and bake squash and chestnuts 20 minutes more. With a slotted spoon transfer squash and chestnuts to a serving dish. Stir sauce, scraping up brown-sugar drippings, and spoon over squash and chestnuts." ],
  "fat" : 7.0,
  "date" : "2004-08-20T12:48:48.000Z",
  "categories" : [ "Vegetable", "Side", "Bake", "Thanksgiving", "Vegetarian", "High Fiber", "Butternut Squash", "Fall", "Chestnut", "Clove", "Nutmeg", "Gourmet", "Pescatarian", "Wheat/Gluten-Free", "Peanut Free", "Soy Free", "Kosher" ],
  "calories" : 230.0,
  "desc" : null,
  "protein" : 2.0,
  "rating" : 3.75,
  "title" : "Roasted Acorn Squash and Chestnuts ",
  "ingredients" : [ "4 small acorn squash", "1/2 stick (1/4 cup) unsalted butter", "1/2 cup packed brown sugar", "1/2 teaspoon freshly grated nutmeg", "1/2 teaspoon ground cloves", "2 cups vacuum-packed whole chestnuts* (not canned; about 3/4 pound)", "*available at specialty foods shops and some supermarkets" ],
  "sodium" : 9.0
}