{
  "recipeId" : 265,
  "directions" : [ "Put the scalded milk and corn meal in the top of a double boiler over boiling water. Add the salt and cook, stirring frequently for about 20 minutes. Mix with the molasses and ginger and pour into a buttered 2-quart soufflè dish or baking dish. Bake in a 300°F. oven for about 2 hours. Serve warm with vanilla ice cream." ],
  "fat" : 5.0,
  "date" : "2004-08-20T12:48:48.000Z",
  "categories" : [ "Milk/Cream", "Dairy", "Ginger", "Dessert", "Bake", "Cornmeal", "Fall", "Molasses", "Double Boiler", "House & Garden", "Vegetarian", "Pescatarian", "Wheat/Gluten-Free", "Peanut Free", "Tree Nut Free", "Soy Free", "Kosher" ],
  "calories" : 213.0,
  "desc" : null,
  "protein" : 6.0,
  "rating" : 4.375,
  "title" : "Old-Fashioned Indian Pudding ",
  "ingredients" : [ "1 quart scalded milk", "1/3 cup yellow corn meal", "Pinch of salt", "1/2 cup molasses", "1 good teaspoon ginger" ],
  "sodium" : 129.0
}