{
  "recipeId" : 238,
  "directions" : [ "Place guajillo and chipotle chiles in a large heatproof bowl and pour in boiling water to cover. Let chiles soak until softened, 40–45 minutes; drain.", "Grind nigella seeds and coriander seeds in a spice mill or with a mortar and pestle. Transfer to a food processor and add garlic, cumin, salt, and Aleppo pepper and pulse until garlic is very finely chopped. Add chiles and pulse until they are chopped. Add oil and vinegar and pulse just until incorporated (mixture should have the texture of a coarse paste).", "Harissa can be made 1 week ahead. Cover and chill." ],
  "fat" : 21.0,
  "date" : "2016-01-01T19:48:00.000Z",
  "categories" : [ "Bon Appétit", "Condiment/Spread", "Chile Pepper", "Seed", "Garlic", "Cumin" ],
  "calories" : 234.0,
  "desc" : "Add this harissa to your next tomato sauce or try it with our Roast Chicken with Harissa and Schmaltz.",
  "protein" : 2.0,
  "rating" : 0.0,
  "title" : "Three-Chile Harissa ",
  "ingredients" : [ "3 ounces dried guajillo chiles (about 7 large or 15 small), seeds removed, torn into 1-inch pieces", "1 ounce chipotle chiles (about 9 medium or 14 small), seeds removed, torn into 1-inch pieces", "1 tablespoon nigella seeds", "1 teaspoon coriander seeds", "2 garlic cloves", "1 tablespoon ground cumin", "1 teaspoon kosher salt", "1/2 teaspoon Aleppo pepper or 1/4 teaspoon crushed red pepper flakes", "1/2 cup olive oil", "2 tablespoons Champagne or white wine vinegar", "Nigella seeds can be found at Indian markets, some supermarkets, or online.", "A spice mill or a mortar and pestle" ],
  "sodium" : 396.0
}