{
  "recipeId" : 98,
  "directions" : [ "With a knife cut cabbage into very thin slices and coarsely chop arugula. In a large bowl toss together all ingredients with salt and pepper to taste until greens are coated." ],
  "fat" : 9.0,
  "date" : "2004-08-20T12:48:48.000Z",
  "categories" : [ "Salad", "Leafy Green", "Side", "No-Cook", "Quick & Easy", "Low Cal", "Vinegar", "Arugula", "Healthy", "Cabbage", "Gourmet", "Vegan", "Vegetarian", "Pescatarian", "Dairy Free", "Wheat/Gluten-Free", "Peanut Free", "Tree Nut Free", "Soy Free", "Kosher" ],
  "calories" : 126.0,
  "desc" : null,
  "protein" : 3.0,
  "rating" : 3.125,
  "title" : "Savoy Cabbage and Arugula Salad ",
  "ingredients" : [ "half a 2-pound head Savoy cabbage", "3 cups packed arugula leaves", "1/4 cup extra-virgin olive oil", "1 1/2 tablespoons red-wine vinegar", "3/4 teaspoon sugar" ],
  "sodium" : 46.0
}