{
  "recipeId" : 398,
  "directions" : [ "Peel potatoes and cut into 2-inch pieces. (If using red potatoes, it is not necessary to peel them). In a large heavy saucepan simmer potatoes in salted water to cover by 1 inch 10 minutes, or until tender, and drain in a colander. In pan or bowl combine potatoes, butter, and 3/4 cup milk. With a potato masher mash potatoes until smooth, adding more milk if necessary to make creamy. In pan reheat potatoes over moderately low heat, stirring, and season with salt and pepper." ],
  "fat" : 11.0,
  "date" : "2004-08-20T04:00:00.000Z",
  "categories" : [ "Milk/Cream", "Potato", "Side", "Kid-Friendly", "Quick & Easy", "Wheat/Gluten-Free", "Gourmet" ],
  "calories" : 268.0,
  "desc" : "Use this recipe to prepare Cabbage and Bacon Mashed Potatoes, Chili Mashed Potatoes, and Roasted Garlic Mashed Potatoes.",
  "protein" : 6.0,
  "rating" : 3.75,
  "title" : "Basic Mashed Potatoes ",
  "ingredients" : [ "2 pounds russet (baking) or red potatoes", "3 tablespoons unsalted butter", "3/4 to 1 cup milk" ],
  "sodium" : 65.0
}