{
  "recipeId" : 467,
  "directions" : [ "Preheat oven to 375°F. Heat vegetable oil in large ovenproof nonstick skillet over medium heat. Add potatoes; cover and cook until tender, stirring occasionally, about 18 minutes. (Can be made 2 hours ahead. Let stand at room temperature.)", "Remove potatoes from skillet. Scrape out and discard any browned bits from pan. Whisk eggs, salt and pepper in large bowl to blend. Pour eggs into same skillet. Arrange half of potatoes over eggs. Sprinkle half of prosciutto and half of peas over potatoes. Repeat with remaining potatoes, prosciutto and peas. Bake until puffed and set, about 15 minutes. Loosen edges and bottom of frittata with flexible spatula; slide out onto plate. Drizzle with truffle oil. Sprinkle with chives and serve." ],
  "fat" : 21.0,
  "date" : "2004-08-20T04:00:00.000Z",
  "categories" : [ "Egg", "Potato", "Vegetable", "Breakfast", "Brunch", "Bake", "Mother's Day", "New Year's Day", "Dinner", "Lunch", "Ham", "Pea", "Spring", "Prosciutto", "Bon Appétit", "Sugar Conscious", "Dairy Free", "Wheat/Gluten-Free", "Peanut Free", "Tree Nut Free", "Soy Free", "No Sugar Added" ],
  "calories" : 371.0,
  "desc" : null,
  "protein" : 22.0,
  "rating" : 3.125,
  "title" : "Spanish Frittata with Prosciutto, Potatoes and Peas ",
  "ingredients" : [ "2 tablespoons vegetable oil", "1 pound Yukon Gold potatoes, peeled, sliced 1/4 inch thick", "8 large eggs", "1/4 teaspoon salt", "1/4 teaspoon ground black pepper", "3 ounces thinly sliced prosciutto, chopped", "2/3 cup frozen peas, thawed", "2 teaspoons truffle oil", "1 tablespoon chopped fresh chives" ],
  "sodium" : 891.0
}