{
  "recipeId" : 283,
  "directions" : [ "Cook bacon in heavy large skillet over medium-high heat until brown and crisp. Using slotted spoon, transfer bacon to paper towel and drain. Pour off all but 2 tablespoons drippings from skillet. Add green beans and bell pepper to skillet. Toss vegetables over medium-high heat until coated with drippings, about 1 minute. Add broth. Cover and cook until vegetables are crisp-tender, about 5 minutes. Season to taste with salt and pepper. Transfer to serving bowl. Sprinkle with bacon and serve." ],
  "fat" : 18.0,
  "date" : "2004-08-20T04:00:00.000Z",
  "categories" : [ "Side", "Bacon", "Green Bean", "Bell Pepper", "Summer", "Bon Appétit", "Paleo", "Dairy Free", "Wheat/Gluten-Free", "Peanut Free", "Tree Nut Free", "Soy Free", "No Sugar Added" ],
  "calories" : 234.0,
  "desc" : "An updated southern side dish.",
  "protein" : 9.0,
  "rating" : 4.375,
  "title" : "Green Beans with Bacon and Red Bell Pepper ",
  "ingredients" : [ "6 bacon slices, coarsely chopped", "1 pound green beans, trimmed, cut in half", "1 large red bell pepper, cut lengthwise into thin strips", "1/2 cup canned low-salt chicken broth" ],
  "sodium" : 305.0
}