{
  "recipeId" : 364,
  "directions" : [ "In a bowl whisk together vinegars, mustard, sea salt, and white pepper until mustard is incorporated. In a very slow stream whisk in olive oil and then corn oil and whisk until emulsified. Vinaigrette keeps, covered and chilled, 1 week." ],
  "fat" : 20.0,
  "date" : "2004-08-20T04:00:00.000Z",
  "categories" : [ "Mustard", "Salad Dressing", "Vinegar", "Gourmet" ],
  "calories" : 183.0,
  "desc" : null,
  "protein" : 0.0,
  "rating" : 4.375,
  "title" : "House Vinaigrette ",
  "ingredients" : [ "3 tablespoons red-wine vinegar", "3 tablespoons Sherry vinegar*", "2 teaspoons Dijon mustard", "1 teaspoon fine sea salt", "2 pinches freshly ground white pepper", "1/2 cup plus 1 tablespoon olive oil", "1/2 cup plus 1 tablespoon corn oil", "*available at specialty foods shops and some supermarkets" ],
  "sodium" : 147.0
}