{
  "recipeId" : 297,
  "directions" : [ "Arrange rack in middle of oven; preheat to 425ºF. Finely zest lemon into a medium bowl. Cut zested lemon in half lengthwise; set one half aside and reserve the other for another use. Add garlic, chives, parsley, and butter and mash together with a fork.", "Pat inside and outside of chicken dry. From edge of cavity, loosen skin from breasts and thighs. Push butter mixture under skin, then gently rub outside of skin to evenly distribute over breasts and legs. Tie together legs with twine. Season chicken with 1 1/2 tsp. salt and 1/2 tsp. pepper.", "Heat roasting pan in oven 10 minutes. Meanwhile, toss potatoes, bacon, caraway seeds, 1/4 tsp. salt, 1/8 tsp. pepper, and 1 Tbsp. plus 1 tsp. oil in a large bowl. Toss cabbage and remaining 1/4 tsp. salt, 1/8 tsp. pepper, and 1 Tbsp. plus 2 tsp. oil in another large bowl.", "Remove pan from oven; quickly combine and arrange potato mixture, cabbage mixture, and remaining oil left in bowls in pan, spreading toward edges to make room for chicken. Place chicken, breast side up, on top; it’s okay if chicken sits on some vegetables. Carefully return pan to oven and roast 25 minutes (some cabbage edges will be blackened).", "Remove pan from oven; squeeze reserved lemon half over chicken and vegetables. Gently stir vegetables to coat with pan drippings. Reduce oven temperature to 400ºF and continue roasting until chicken juices run clear when thigh is pierced with a fork and an instant-read thermometer inserted into the thickest part of the thigh registers 165°F, 40–50 minutes more.", "Transfer chicken to a cutting board; let rest 15 minutes. Carve, serve with vegetable mixture, and top with parsley leaves." ],
  "fat" : 114.0,
  "date" : "2016-03-09T17:06:35.209Z",
  "categories" : [ "Chicken", "Dinner", "Cabbage", "Bacon", "Potato", "Roast", "Wheat/Gluten-Free", "Peanut Free", "Tree Nut Free", "Soy Free", "No Sugar Added" ],
  "calories" : 1630.0,
  "desc" : "Tucked under a butter- and herb-rubbed bird, savoy cabbage, thick-cut bacon, and simple potatoes meld into a caramelized, smoky, and irresistibly-tender trifecta.",
  "protein" : 105.0,
  "rating" : 3.125,
  "title" : "Roast Chicken With Smothered Cabbage, Bacon, and Potatoes ",
  "ingredients" : [ "1 lemon", "3 garlic cloves, finely chopped", "1/3 cup finely chopped chives", "1/3 cup coarsely chopped parsley leaves and tender stems, plus whole leaves for serving", "3 tablespoons unsalted butter, room temperature", "1 (4–4 1/2-pound) whole chicken, excess fat trimmed", "2 teaspoons kosher salt, divided", "3/4 teaspoon freshly ground black pepper, divided", "1 1/2 pounds small potatoes, cut lengthwise into 1/2-inch wedges", "1/2 pound smoked bacon (preferably center-cut), cut crosswise into 1-inch pieces", "1 1/2 teaspoons caraway seeds", "3 tablespoons olive oil, divided", "1 (1 1/2-pound) head savoy cabbage, halved, cored, cut crosswise into 1-inch-thick strips", "Kitchen twine; a medium roasting pan (approximately 16x14x3\")" ],
  "sodium" : 1730.0
}