{
  "recipeId" : 303,
  "directions" : [ "Melt butter in large skillet over medium-high heat. Add onion, garlic and tarragon; sauté until onion is just tender, about 2 minutes. Add yellow squash and zucchini; sauté until crisp-tender, about 8 minutes. Season with salt and pepper." ],
  "fat" : 12.0,
  "date" : "2004-08-20T04:00:00.000Z",
  "categories" : [ "Side", "Sauté", "Quick & Easy", "Low Sodium", "Backyard BBQ", "Dinner", "Lunch", "Zucchini", "Summer", "Anniversary", "Tarragon", "Bon Appétit", "Vegetarian", "Pescatarian", "Wheat/Gluten-Free", "Peanut Free", "Tree Nut Free", "Soy Free", "No Sugar Added", "Kosher" ],
  "calories" : 159.0,
  "desc" : "Nice with steak, chicken or fish.",
  "protein" : 3.0,
  "rating" : 3.75,
  "title" : "Summer Squash Sauté ",
  "ingredients" : [ "4 tablespoons butter", "1 small onion, thinly sliced", "2 tablespoons chopped garlic", "2 tablespoons chopped fresh tarragon or 2 teaspoons dried", "1 pound yellow crookneck squash, trimmed, sliced into 1/3-inch-thick rounds", "1 pound small zucchini, trimmed, sliced into 1/3-inch-thick rounds" ],
  "sodium" : 15.0
}