{
  "recipeId" : 407,
  "directions" : [ "Using vegetable peeler, remove strip of peel in thin band around center of each potato. Place potatoes in large saucepan; cover with cold water. Sprinkle generously with salt and bring to boil. Reduce heat to medium and cook just until potatoes are tender, about 12 minutes. Drain well. Return potatoes to saucepan. Add butter to pan; stir over medium heat until butter melts and coats potatoes. Sprinkle with chives, salt, and pepper. Transfer potatoes to bowl and serve." ],
  "fat" : 12.0,
  "date" : "2005-04-12T04:00:00.000Z",
  "categories" : [ "Potato", "Side", "Quick & Easy", "Chive", "Bon Appétit", "Sugar Conscious", "Vegetarian", "Pescatarian", "Wheat/Gluten-Free", "Peanut Free", "Tree Nut Free", "Soy Free", "No Sugar Added", "Kosher" ],
  "calories" : 277.0,
  "desc" : "With their golden flesh and creamy texture, Baby Dutch Yellow and Yellow Finn potatoes are preferred here.",
  "protein" : 5.0,
  "rating" : 3.75,
  "title" : "Buttered New Potatoes with Chives ",
  "ingredients" : [ "2 pounds baby new potatoes", "1/4 cup (1/2 stick) butter", "3 tablespoons chopped fresh chives" ],
  "sodium" : 15.0
}