{
  "recipeId" : 456,
  "directions" : [ "Char chilies over gas flame or in broiler until blackened on all sides. Place in paper bag and seal. Let stand 10 minutes. Peel, seed and finely chop chilies. Place chilies in small bowl. Mix in oil and cilantro. (Can be made 6 hours ahead. Cover and let stand at room temperature.) Mix lime juice into salsa. Season with salt and pepper." ],
  "fat" : 108.0,
  "date" : "2004-08-20T04:00:00.000Z",
  "categories" : [ "Condiment/Spread", "Low Carb", "Quick & Easy", "Lime", "Summer", "Jalapeño", "Cilantro", "Bon Appétit" ],
  "calories" : 986.0,
  "desc" : "This recipe was created to accompany Grilled Chicken with Goat Cheese Stuffing, Peppers, Onions and Two Salsas.",
  "protein" : 1.0,
  "rating" : 3.75,
  "title" : "Jalapeño-Cilantro Salsa ",
  "ingredients" : [ "4 large jalapeño chilies", "1/2 cup extra-virgin olive oil", "1/4 cup chopped fresh cilantro", "2 tablespoons fresh lime juice" ],
  "sodium" : 10.0
}