{
  "recipeId" : 429,
  "directions" : [ "Makes about 1 1/4 cups. Stir together sour cream, 1 1/2 tablespoons horseradish, and pepper. Taste sauce, then add more horseradish as desired. Let stand, covered, at room temperature at least 1 hour (for flavors to develop)." ],
  "fat" : 11.0,
  "date" : "2004-08-20T04:00:00.000Z",
  "categories" : [ "Condiment/Spread", "Sauce", "Vegetable", "No-Cook", "Easter", "Quick & Easy", "Horseradish", "Spring", "Sour Cream", "Gourmet" ],
  "calories" : 117.0,
  "desc" : "Fresh horseradish can have very intense flavor and heat, which is why we start with a small amount — taste the sauce and add more only if desired.",
  "protein" : 1.0,
  "rating" : 3.75,
  "title" : "White Horseradish Sauce ",
  "ingredients" : [ "1 cup sour cream", "3 tablespoons finely grated peeled fresh horseradish (1 oz; use small teardrop-shaped holes of a box grater)", "1/8 teaspoon black pepper" ],
  "sodium" : 74.0
}