{
  "recipeId" : 118,
  "directions" : [ "In a small saucepan bring sugar and water to a boil, stirring until sugar is dissolved, and in a blender pulse together with berries and lemon juice until berries are chopped. Cool sauce. Sauce may be made 2 days ahead and chilled, covered." ],
  "fat" : 0.0,
  "date" : "2004-08-20T04:00:00.000Z",
  "categories" : [ "Sauce", "Blender", "Dessert", "Quick & Easy", "Low Sodium", "Blackberry", "Raspberry", "Chill", "Boil", "Gourmet" ],
  "calories" : 129.0,
  "desc" : "Can be prepared in 45 minutes or less.",
  "protein" : 1.0,
  "rating" : 4.375,
  "title" : "Blackberry-Raspberry Sauce ",
  "ingredients" : [ "1/2 cup sugar", "1/3 cup water", "1 cup picked-over blackberries", "1 cup picked-over raspberries", "1 tablespoon fresh lemon juice" ],
  "sodium" : 2.0
}