{
  "recipeId" : 328,
  "directions" : [ "Rub outsides of peppers with oil, then arrange peppers, cut sides down, in 1 layer in a large shallow baking pan.", "Preheat broiler", "Broil peppers 4 to 5 inches from heat until well charred (peppers will not char evenly, especially at ends), 20 to 25 minutes.", "Transfer to a bowl and cover tightly with plastic wrap, then let stand about 20 minutes.", "When peppers are cool enough to handle, peel off skin. Chop peppers and reserve 1/4 cup for saffron rouille (if making) or for another use." ],
  "fat" : 2.0,
  "date" : "2009-03-12T04:00:00.000Z",
  "categories" : [ "Side", "Broil", "Easter", "Vegetarian", "Quick & Easy", "Bell Pepper", "Spring", "Gourmet", "Kidney Friendly", "Vegan", "Pescatarian", "Paleo", "Dairy Free", "Wheat/Gluten-Free", "Peanut Free", "Tree Nut Free", "Soy Free", "No Sugar Added", "Kosher" ],
  "calories" : 51.0,
  "desc" : "Just as diced roasted red peppers add a distinctive vegetal sweetness to any dish they appear in, these, left in large chunks for maximum boldness, really complement the meat and its stuffing.",
  "protein" : 1.0,
  "rating" : 3.75,
  "title" : "Roasted Red Peppers ",
  "ingredients" : [ "5 large red bell peppers, halved lengthwise, discarding stems and seeds", "Olive oil for rubbing" ],
  "sodium" : 5.0
}