{
  "recipeId" : 221,
  "directions" : [ "Bring all ingredients to a boil in a 2- to 3-quart saucepan, then simmer, covered, until rice is tender and liquid is absorbed, 50 minutes to 1 hour." ],
  "fat" : null,
  "date" : "2004-08-20T04:00:00.000Z",
  "categories" : [ "Rice", "Vegetable", "Side", "Low Fat", "Winter", "Gourmet" ],
  "calories" : null,
  "desc" : null,
  "protein" : null,
  "rating" : 3.125,
  "title" : "Wild Rice with Carrots ",
  "ingredients" : [ "2 cups water", "1 cup wild rice (6 ounces)", "2 carrots, cut into 1/4-inch dice", "1 small onion, chopped", "1 teaspoon salt" ],
  "sodium" : null
}