{
  "recipeId" : 316,
  "directions" : [ "Combine all of the ingredients in a small bowl. Refrigerate, covered, until needed." ],
  "fat" : 1.0,
  "date" : "2004-08-20T04:00:00.000Z",
  "categories" : [ "Condiment/Spread", "Sauce", "Fruit Juice", "Side", "Yogurt", "Lemon", "Mint", "Spring", "Parade" ],
  "calories" : 82.0,
  "desc" : "Gently drain the liquid from the top of the yogurt before combining with other ingredients so that the flavors are not diluted.",
  "protein" : 8.0,
  "rating" : 3.125,
  "title" : "Light Lemon Yogurt Sauce ",
  "ingredients" : [ "1 cup plain nonfat yogurt", "1 teaspoon finely grated lemon zest", "1 tablespoon fresh lemon juice", "1/4 cup chopped fresh mint or parsley, if available, or 1/2 teaspoon dried tarragon", "Salt and freshly ground black pepper, to taste" ],
  "sodium" : 408.0
}