{
  "recipeId" : 137,
  "directions" : [ "Stir together all ingredients in a bowl until combined well." ],
  "fat" : 15.0,
  "date" : "2004-08-20T04:00:00.000Z",
  "categories" : [ "Condiment/Spread", "Mustard", "No-Cook", "Kid-Friendly", "Quick & Easy", "Mayonnaise", "Winter", "Honey", "Gourmet" ],
  "calories" : 148.0,
  "desc" : "Active time: 10 min Start to finish: 10 min",
  "protein" : 0.0,
  "rating" : 3.75,
  "title" : "Honey Mustard Sauce ",
  "ingredients" : [ "1 cup mayonnaise", "1/3 cup Dijon mustard", "2 tablespoons mild honey", "1/4 teaspoon salt" ],
  "sodium" : 188.0
}