{
  "recipeId" : 424,
  "directions" : [ "Place first 4 ingredients in processor; blend until smooth, about 30 seconds. Place cabbage in large bowl. Add dressing; toss. Season with salt and pepper. Cover; chill at least 1 hour. (Can be made 1 day ahead; chill. Toss before serving.)" ],
  "fat" : 4.0,
  "date" : "2004-08-20T04:00:00.000Z",
  "categories" : [ "Salad", "Cheese", "Vegetable", "Appetizer", "Side", "No-Cook", "Blue Cheese", "Summer", "Cabbage", "Gourmet", "Vegetarian", "Pescatarian", "Wheat/Gluten-Free", "Peanut Free", "Tree Nut Free", "Soy Free", "Kosher" ],
  "calories" : 101.0,
  "desc" : "Buttermilk and blue cheese make this slaw rich and tangy.",
  "protein" : 5.0,
  "rating" : 2.5,
  "title" : "Blue Cheese Coleslaw ",
  "ingredients" : [ "1/2 cup blue cheese, crumbled", "1/2 cup buttermilk", "3 tablespoons apple cider vinegar", "2 tablespoons sugar", "12 cups shredded green cabbage (about 1 large head)" ],
  "sodium" : 193.0
}