{
  "recipeId" : 382,
  "directions" : [ "In a medium saucepan, boil the cranberry juice cocktail, the ginger, the cinnamon stick, and the star anise for half an hour or until reduced to 1 cup. Let cool.", "Fill a Champagne flute half-full with Champagne and add the brandy. Add 1 ounce Brandy-Cranberry Syrup and mix. Garnish with fresh cranberry." ],
  "fat" : null,
  "date" : "2008-01-23T00:30:57.000Z",
  "categories" : [ "Champagne", "Alcoholic", "Ginger", "Cocktail Party", "Oscars", "New Year's Eve", "Cranberry", "Brandy", "Chill", "Anise", "Cinnamon", "Boil", "Drink" ],
  "calories" : null,
  "desc" : null,
  "protein" : null,
  "rating" : 3.75,
  "title" : "Paris's Crimson Champagne Cocktail ",
  "ingredients" : [ "1 quart cranberry juice cocktail", "4 slices fresh ginger", "1 cinnamon stick", "1 piece star anise", "1/4 cup brandy", "Champagne", "1 fresh cranberry, for garnish" ],
  "sodium" : null
}