{
  "recipeId" : 46,
  "directions" : [ "In a kettle combine the beans, the ham hock, the garlic, the bay leaf, the orégano, the onion, the bell peppers, the red pepper flakes, the chili powder, and 8 cups water and simmer the mixture, covered, stirring occasionally, for 3 hours, or until the beans are tender. Stir in the tomatoes and salt to taste and simmer the mixture, uncovered, stirring occasionally, for 1 hour, or until the mixture is thickened. Discard the bay leaf, remove the ham hock from the mixture, and chop the meat. Stir the meat into the mixture with the coriander and the vinegar and serve the beans over the rice with the radish or onion.", "In a colander rinse the beans under cold water and discard any discolored ones. In a kettle combine the beans with enough cold water to cover them by 2 inches, bring the water to a boil, and boil the beans for 2 minutes. Remove the kettle from the heat and let the beans soak, covered, for 1 hour." ],
  "fat" : 8.0,
  "date" : "2004-08-20T04:00:00.000Z",
  "categories" : [ "Bean", "Onion", "Rice", "Tomato", "Side", "Ham", "Bell Pepper", "Gourmet", "Dairy Free", "Wheat/Gluten-Free", "Peanut Free", "Tree Nut Free", "Soy Free", "No Sugar Added" ],
  "calories" : 202.0,
  "desc" : null,
  "protein" : 19.0,
  "rating" : 3.75,
  "title" : "Spicy Black Beans and Rice ",
  "ingredients" : [ "1 pound dried black beans, soaked in enough cold water to cover them by 2 inches overnight or quick-soaked (procedure follows) and drained", "1 ham hock", "2 large garlic cloves, minced", "1 bay leaf", "1 1/2 teaspoons dried orégano, crumbled", "3 cups coarsely chopped onion", "2 green bell peppers, chopped", "1/2 teaspoon dried hot red pepper flakes, or to taste", "1 tablespoon chili powder", "a 28-ounce can Italian tomatoes, drained and chopped", "1/3 cup finely chopped fresh coriander, or to taste", "red-wine vinegar to taste", "cooked rice as an accompaniment", "chopped radish or red onion as an accompaniment" ],
  "sodium" : 815.0
}