{
  "recipeId" : 165,
  "directions" : [ "In a kettle combine the potatoes with enough salted cold water to cover them by 2 inches, bring the water to a boil, and simmer the potatoes, removing the small ones as they are done, for 30 to 40 minutes, or until they are tender. Drain the potatoes and let them cool until they can be handled. Peel the potatoes and cut them into bite-sized pieces.", "In a large bowl whisk together the vinegar and salt and pepper to taste, add the oil in a stream, whisking, and whisk the dressing until it is emulsified. Add the potatoes and the parsley and combine the salad well." ],
  "fat" : 9.0,
  "date" : "2004-08-20T04:00:00.000Z",
  "categories" : [ "Salad", "Herb", "Potato", "Vegetarian", "Parsley", "Gourmet" ],
  "calories" : 232.0,
  "desc" : null,
  "protein" : 4.0,
  "rating" : 3.75,
  "title" : "Parsleyed Yellow-Potato Salad ",
  "ingredients" : [ "5 pounds yellow-fleshed potatoes", "1/3 cup white-wine vinegar", "1/2 cup vegetable oil", "2 cups minced fresh parsley leaves" ],
  "sodium" : 17.0
}