{
  "recipeId" : 263,
  "directions" : [ "In a food processor combine all ingredients and pulse until mixture forms a coarse powder. Crab-boil spices keep in a well-sealed container for several months in a cool, dark place." ],
  "fat" : 5.0,
  "date" : "2004-08-20T04:00:00.000Z",
  "categories" : [ "Food Processor", "Ginger", "Herb", "No-Cook", "Quick & Easy", "Spice", "Gourmet" ],
  "calories" : 93.0,
  "desc" : "Can be prepared in 45 minutes or less.",
  "protein" : 4.0,
  "rating" : 4.375,
  "title" : "Crab-Boil Spices ",
  "ingredients" : [ "1/4 cup pickling spices", "2 tablespoons mustard seeds", "2 tablespoons whole black peppercorns", "1 tablespoon celery seeds", "2 tablespoons dried hot red pepper flakes", "2 teaspoons ground ginger", "5 bay leaves", "2 teaspoons dried oregano", "1 tablespoon minced dried chives", "1/4 cup sea salt" ],
  "sodium" : 11298.0
}