{
  "recipeId" : 125,
  "directions" : [ "In a small metal bowl set over a pan of barely simmering water melt the chocolate with the sugar and the Amaretto, stirring, and let the mixture cool to room temperature. In a bowl cream together the butter, the chocolate mixture, and the almonds. Let the butter stand, covered, in a cool place for 1 hour to allow the flavors to develop. Serve the butter with croissants or toast." ],
  "fat" : 28.0,
  "date" : "2004-08-20T04:00:00.000Z",
  "categories" : [ "Condiment/Spread", "Chocolate", "Dairy", "Almond", "Chill", "Gourmet" ],
  "calories" : 273.0,
  "desc" : "Can be prepared in 45 minutes or less but requires additional unattended time.",
  "protein" : 2.0,
  "rating" : 0.0,
  "title" : "Chocolate Almond Butter ",
  "ingredients" : [ "1 ounce semisweet chocolate, chopped", "1 teaspoon sugar", "1 tablespoon Amaretto", "1 1/2 sticks (3/4 cup) unsalted butter, softened", "1/4 cup blanched almonds, toasted lightly and chopped" ],
  "sodium" : 5.0
}