{
  "recipeId" : 116,
  "directions" : [ "Mix gold rum, passion-fruit concentrate, mango nectar, guava nectar, and 2 tablespoons lime juice in pitcher. Taste, adding more lime juice, if desired. Add ice cubes and stir well to blend. Pour punch into 6 glasses. Garnish with fresh pineapple wedges and serve." ],
  "fat" : 0.0,
  "date" : "2004-08-20T20:58:12.000Z",
  "categories" : [ "Fruit Juice", "Rum", "Punch", "Alcoholic", "Cocktail", "Lime", "Mango", "Summer", "Guava", "Passion Fruit", "Bon Appétit", "Drink" ],
  "calories" : 230.0,
  "desc" : "Sweet and fruity, this is the quintessential beach or poolside drink.",
  "protein" : 1.0,
  "rating" : 5.0,
  "title" : "Tropical Rum Punch ",
  "ingredients" : [ "1 1/3 cups gold rum", "1 1/3 cups frozen passion-fruit-flavored juice cocktail concentrate, thawed", "1 cup mango nectar", "1 cup guava nectar", "2 tablespoons (or more) fresh lime juice", "4 cups ice cubes", "6 fresh pineapple wedges" ],
  "sodium" : 26.0
}