{
  "recipeId" : 152,
  "directions" : [ "Cook beans in a 4- to 5-quart pot of boiling salted water , uncovered, until just tender, about 5 minutes. Drain beans in a colander.", "Heat oil in a 12-inch heavy skillet over moderate heat until hot but not smoking, then fry shallots in 3 batches, stirring frequently, until golden brown, 3 to 5 minutes per batch (watch carefully; shallots burn easily). Transfer shallots quickly as browned with a slotted spoon to paper towels to drain. (Shallots will become crisp as they cool.)", "Discard all but about 1 tablespoon oil from skillet, then cook chile over moderate heat, stirring, until softened, about 2 minutes. Add beans and salt and toss with tongs until heated through. Remove from heat and add fried shallots and mint, tossing to combine." ],
  "fat" : 37.0,
  "date" : "2004-08-20T04:00:00.000Z",
  "categories" : [ "Herb", "Vegetable", "Fry", "Vegetarian", "Quick & Easy", "Mint", "Green Bean", "Hot Pepper", "Fall", "Summer", "Vegan", "Shallot", "Gourmet" ],
  "calories" : 414.0,
  "desc" : "Active time: 30 min Start to finish: 45 min",
  "protein" : 5.0,
  "rating" : 4.375,
  "title" : "Green Beans with Crisp Shallots, Chile, and Mint ",
  "ingredients" : [ "1 1/2 lb green beans, trimmed", "2/3 cup vegetable oil", "6 oz shallots (5 medium), thinly sliced crosswise and separated into rings", "1 small fresh Thai or serrano chile (2 1/4 inches long; preferably red), thinly sliced crosswise", "1/2 teaspoon salt", "1/2 cup chopped fresh mint" ],
  "sodium" : 310.0
}