{
  "recipeId" : 446,
  "directions" : [ "Place yogurt in small bowl; cover and freeze at least 6 hours or up to 2 days.", "Transfer frozen yogurt to blender. Add bananas, pineapple juice, ice cubes, and brown sugar and blend until smooth. Divide among 4 glasses." ],
  "fat" : null,
  "date" : "2004-08-20T20:58:12.000Z",
  "categories" : [ "Fruit Juice", "Non-Alcoholic", "Blender", "Yogurt", "Banana", "Pineapple", "Summer", "Bon Appétit", "Drink" ],
  "calories" : null,
  "desc" : null,
  "protein" : null,
  "rating" : 3.75,
  "title" : "Banana-Pineapple Yogurt Smoothie ",
  "ingredients" : [ "1 cup nonfat plain yogurt", "1 1/2 ripe bananas, peeled, sliced", "1 cup unsweetened pineapple juice", "10 ice cubes", "3 tablespoons (packed) golden brown sugar" ],
  "sodium" : null
}