{
  "recipeId" : 10,
  "directions" : [ "Heat oil in heavy large skillet over medium-high heat. Add shallots and minced rosemary and sauté until tender, about 3 minutes. Add yams and broth to skillet and bring to boil. Cover skillet, reduce heat to medium-low and simmer until yams are almost tender, about 10 minutes. Add cream and sprinkle lightly with nutmeg. Simmer uncovered until yams are very tender and liquid thickens and coats yams, about 4 minutes. Season with salt and pepper. (Can be made 1 day ahead. Transfer to microwave-safe dish. Chill until cold, then cover and keep chilled. Rewarm, covered, in microwave on medium-low heat.)" ],
  "fat" : 5.0,
  "date" : "2004-08-20T04:00:00.000Z",
  "categories" : [ "Milk/Cream", "Dairy", "Side", "Thanksgiving", "Rosemary", "Sweet Potato/Yam", "Fall", "Nutmeg", "Simmer", "Bon Appétit" ],
  "calories" : 256.0,
  "desc" : "Simmering the yams fills them with flavor and yields a lovely coating.",
  "protein" : 4.0,
  "rating" : 3.75,
  "title" : "Yams Braised with Cream, Rosemary and Nutmeg ",
  "ingredients" : [ "4 teaspoons olive oil", "1/2 cup finely chopped shallots", "2 1/2 teaspoons minced fresh rosemary", "3 pounds yams (red-skinned sweet potatoes), peeled, cut into 1/2-inch-thick rounds, rounds cut in half", "1 1/4 cups canned low-salt chicken broth", "1/2 cup whipping cream", "Ground nutmeg" ],
  "sodium" : 30.0
}