{
  "recipeId" : 190,
  "directions" : [ "Preheat oven to 425°F.", "On a lightly floured surface with a floured rolling pin roll out pastry into a 10- by 5-inch rectangle and cut in half to form two squares. On a baking sheet arrange squares about 2 inches apart.", "Cut banana diagonally into 1/4-inch-thick slices. Sprinkle pastry squares evenly with chocolate, leaving a 1/2-inch border on all sides, and arrange banana slices decoratively over chocolate. Top banana slices with pecans, sugar, and butter and chill 10 minutes, or until pastry is firm.", "Bake tarts in middle of oven 10 to 15 minutes, or until pastry is golden brown and cooked through, and cool slightly on a rack." ],
  "fat" : 30.0,
  "date" : "2004-08-20T12:48:48.000Z",
  "categories" : [ "Chocolate", "Fruit", "Nut", "Dessert", "Bake", "Quick & Easy", "Banana", "Pecan", "Fall", "Gourmet", "Vegetarian", "Pescatarian", "Peanut Free", "Soy Free", "Kosher" ],
  "calories" : 437.0,
  "desc" : "Can be prepared in 45 minutes or less.",
  "protein" : 5.0,
  "rating" : 4.375,
  "title" : "Chocolate Pecan Banana Tarts ",
  "ingredients" : [ "1/2 sheet frozen puff pastry (about 1/4 pound), thawed", "1 firm-ripe large banana", "1 ounce fine-quality bittersweet chocolate (not unsweetened), chopped fine", "1/4 cup pecan halves, toasted lightly, cooled, and chopped", "2 teaspoon sugar", "1 tablespoon unsalted butter, cut into bits" ],
  "sodium" : 74.0
}