{
  "recipeId" : 237,
  "directions" : [ "Mix all ingredients in small bowl to blend. (Can be made 1 day ahead. Cover and refrigerate.)" ],
  "fat" : 16.0,
  "date" : "2004-08-20T04:00:00.000Z",
  "categories" : [ "Condiment/Spread", "Sauce", "Olive", "No-Cook", "Picnic", "Low Carb", "Backyard BBQ", "Fall", "Summer", "Bon Appétit" ],
  "calories" : 142.0,
  "desc" : null,
  "protein" : 0.0,
  "rating" : 3.75,
  "title" : "Green Olive Relish ",
  "ingredients" : [ "1/2 cup coarsely chopped pitted brine-cured green olives", "1/4 cup extra-virgin olive oil", "1 tablespoon chopped fresh parsley", "1 1/2teaspoons grated lemon peel" ],
  "sodium" : 234.0
}