{
  "recipeId" : 419,
  "directions" : [ "Combine powdered sugar and 2 tablespoons lemon juice in small bowl. Stir with spoon until smooth and paste-like, adding more lemon juice by 1/2 teaspoonfuls if glaze is too thick to spread. Set aside.", "Position rack in center of oven and preheat to 350°F. Butter 9-inch-diameter cake pan with 2-inch-high sides; line bottom with parchment. Combine flour, cornmeal, sugar, baking powder, and salt in large bowl; whisk to blend. Whisk buttermilk, eggs, lemon peel, and vanilla in small bowl. Pour buttermilk mixture and melted butter into flour mixture. Using rubber spatula, gently fold liquids into flour mixture until just blended (do not stir). Scrape batter into pan; spread evenly.", "Bake cake until tester inserted into center comes out clean and cake pulls away from sides of pan, about 30 minutes.", "Immediately run knife around sides of cake. Place rack atop cake in pan. Using oven mitts, hold pan and rack firmly together and invert cake onto rack. Remove pan from cake. Place another rack on bottom of cake; invert 1 more time so that cake is top side up. Stir glaze until blended. While cake is still very hot, drop glaze by tablespoonfuls onto cake; spread to within 1/2 inch of edge (some glaze may drip down sides of cake). Cool completely. Serve with Crushed-Blueberry Sauce." ],
  "fat" : 13.0,
  "date" : "2009-03-04T04:00:00.000Z",
  "categories" : [ "Cake", "Dessert", "Kid-Friendly", "Blueberry", "Lemon", "Bon Appétit", "Vegetarian", "Pescatarian", "Peanut Free", "Tree Nut Free", "Soy Free", "Kosher" ],
  "calories" : 405.0,
  "desc" : "This rustic cake gets a zing from a tangy lemon glaze. The sauce dresses up the cake for dessert (or brunch).",
  "protein" : 6.0,
  "rating" : 5.0,
  "title" : "Lemon Cornmeal Cake with Lemon Glaze and Crushed-Blueberry Sauce ",
  "ingredients" : [ "1 1/2 cups (packed) powdered sugar, sifted", "2 tablespoons (or more) fresh lemon Juice", "1 1/2 cups all purpose flour", "1/3 cup yellow cornmeal", "3/4 cup sugar", "3 1/2 teaspoons baking powder", "1/2 teaspoon salt", "1 cup buttermilk", "2 large eggs", "1 tablespoon finely grated lemon peel", "3/4 teaspoon vanilla extract", "1/2 cup (1 stick) unsalted butter, melted, cooled", "Crushed-Blueberry Sauce" ],
  "sodium" : 383.0
}