{
  "recipeId" : 411,
  "directions" : [ "Place rice in strainer. Rinse under cold water until water runs clear. Drain well. Transfer rice to heavy medium saucepan. Add 3 cups cold water. Stir in ginger. Bring water to boil over high heat. Reduce heat to low, cover, and cook until rice is tender, about 12 minutes. Remove from heat. Sprinkle peas over rice (do not stir into rice). Cover and let stand 5 minutes. Gently stir peas into rice. Season rice lightly with salt. Transfer to bowl and serve." ],
  "fat" : 0.0,
  "date" : "2004-08-20T04:00:00.000Z",
  "categories" : [ "Ginger", "Rice", "Side", "Quick & Easy", "Pea", "Boil", "Bon Appétit", "Fat Free", "Sugar Conscious", "Kidney Friendly", "Vegan", "Vegetarian", "Pescatarian", "Dairy Free", "Wheat/Gluten-Free", "Peanut Free", "Tree Nut Free", "Soy Free", "No Sugar Added", "Kosher" ],
  "calories" : 196.0,
  "desc" : null,
  "protein" : 5.0,
  "rating" : 2.5,
  "title" : "Sticky Ginger Rice with Peas ",
  "ingredients" : [ "1 1/2 cups uncooked medium-grain white rice", "3 cups cold water", "1 tablespoon minced fresh ginger", "1 cup frozen petite peas" ],
  "sodium" : 7.0
}