{
  "recipeId" : 466,
  "directions" : [ "Preheat the oven to 375°F. In a bowl whisk together the flours, the bran, the baking powder, the salt, the cinnamon, and the cloves. In a large bowl with an electric mixer cream the butter with the sugar until the mixture is light and fluffy, add the eggs, 1 at a time, beating well after each addition, and beat in the vanilla. Beat the flour mixture into the butter mixture, beat in the milk, and stir in the raisins, the walnuts, and the zucchini. Divide the batter among 12 well-buttered or paper-lined 1/2-cup muffin tins and bake the muffins in the middle of the oven for 25 to 30 minutes, or until a tester comes out clean. Turn the muffins out onto a rack and let them cool." ],
  "fat" : 12.0,
  "date" : "2004-08-20T04:00:00.000Z",
  "categories" : [ "Bread", "Mixer", "Vegetable", "Breakfast", "Brunch", "Bake", "High Fiber", "Raisin", "Walnut", "Zucchini", "Healthy", "Bran", "Whole Wheat", "Gourmet", "Kidney Friendly", "Vegetarian", "Pescatarian", "Peanut Free", "Soy Free", "Kosher" ],
  "calories" : 229.0,
  "desc" : null,
  "protein" : 4.0,
  "rating" : 4.375,
  "title" : "Zucchini Raisin Bran Muffins ",
  "ingredients" : [ "2/3 cup all-purpose flour", "2/3 cup whole-wheat flour", "2/3 cup miller's bran (available at natural foods stores, specialty foods shops, and some supermarkets)", "2 teaspoons double-acting baking powder", "3/4 teaspoon salt", "1 teaspoon cinnamon", "1/4 teaspoon ground cloves", "1 stick (1/2 cup) unsalted butter, softened", "2/3 cup sugar", "2 large eggs", "1 teaspoon vanilla", "1/4 cup milk", "1/2 cup raisins", "1/2 cup chopped walnuts", "2 cups coarsely grated zucchini" ],
  "sodium" : 224.0
}