{
  "recipeId" : 311,
  "directions" : [ "Cut peel and pith from oranges. Working over medium bowl, cut between membranes to release segments. Add cilantro, red onion, olive oil, red wine vinegar, and habanero chile; toss well. Season with salt and pepper. DO AHEAD: Can be made 1 day ahead. Cover and chill.", "Drain salsa just before serving." ],
  "fat" : null,
  "date" : "2010-05-13T04:00:00.000Z",
  "categories" : [ "Sauce", "Side", "Vegetarian", "Quick & Easy", "Low Cal", "Healthy", "Low Cholesterol", "Vegan", "Orange Juice", "Chile Pepper", "Bon Appétit", "Pescatarian", "Paleo", "Dairy Free", "Wheat/Gluten-Free", "Peanut Free", "Tree Nut Free", "Soy Free", "No Sugar Added", "Kosher" ],
  "calories" : null,
  "desc" : "Sweet oranges help tame the heat of the habanero in this zippy salsa, which would also be delicious alongside grilled pork loin.",
  "protein" : null,
  "rating" : 5.0,
  "title" : "Habanero-Orange Salsa ",
  "ingredients" : [ "4 large oranges", "1/3 cup coarsely chopped fresh cilantro", "1/4 cup very thinly sliced red onion", "2 tablespoons extra-virgin olive oil", "2 teaspoons red wine vinegar", "1/2 habanero chile, seeded, finely minced" ],
  "sodium" : null
}