{
  "recipeId" : 248,
  "directions" : [ "Preheat oven to 350°F. Butter 11x7x2-inch glass baking dish. Combine next 5 ingredients in large bowl; toss well. Spread evenly in prepared dish.", "Whisk first 5 ingredients in large bowl. Stir in next 5 ingredients. Spoon topping over filling. Bake cobbler until topping is golden brown and juices from filling are bubbling thickly at edges, about 50 minutes. Serve cobbler warm with ice cream or whipped cream." ],
  "fat" : 4.0,
  "date" : "2007-12-21T04:36:11.000Z",
  "categories" : [ "Bourbon", "Dessert", "Bake", "High Fiber", "Apricot", "Cherry", "Fall", "Whole Wheat", "Bon Appétit", "Pescatarian", "Peanut Free", "Soy Free" ],
  "calories" : 352.0,
  "desc" : null,
  "protein" : 6.0,
  "rating" : 3.125,
  "title" : "Cherry-Apricot Cobbler ",
  "ingredients" : [ "Butter", "3 14.5-ounce cans pitted tart cherries in water, drained", "1 1/2 cups diced dried apricots", "3/4 cup sugar", "1/2 teaspoon almond extract", "1/4 teaspoon ground allspice topping", "1/2 cup whole wheat pastry flour", "1/2 cup sugar", "1/3 cup unbleached all purpose flour", "3/4 teaspoon baking powder", "1/4 teaspoon salt", "2 large eggs", "1/2 cup whole milk", "2 tablespoons bourbon", "2 teaspoons finely grated lemon peel", "1 teaspoon vanilla extract", "Ice cream or whipped cream" ],
  "sodium" : 139.0
}