{
  "recipeId" : 464,
  "directions" : [ "Blend arugula, pine nuts and Parmesan cheese in processor until almost smooth. With machine running, gradually add olive oil; process until well blended. Season pesto to taste with salt and pepper. (Can be made ahead. Cover and let stand up to 2 hours at room temperature or refrigerate up to 1 day. Bring to room temperature before using.)" ],
  "fat" : 43.0,
  "date" : "2004-08-20T04:00:00.000Z",
  "categories" : [ "Sauce", "Food Processor", "Nut", "No-Cook", "Low Carb", "Vegetarian", "Quick & Easy", "Parmesan", "Pine Nut", "Arugula", "Bon Appétit" ],
  "calories" : 429.0,
  "desc" : null,
  "protein" : 10.0,
  "rating" : 3.75,
  "title" : "Arugula Pesto ",
  "ingredients" : [ "4 cups (packed) arugula leaves (about 6 ounces)", "1/4 cup pine nuts, toasted", "1/4 cup (packed) freshly grated Parmesan cheese", "1/4 cup olive oil" ],
  "sodium" : 218.0
}