{
  "recipeId" : 318,
  "directions" : [ "Place flour in shallow dish. Sprinkle veal scallops with salt and pepper. Melt 2 tablespoons butter in heavy large skillet over high heat. Coat veal in flour, shaking off excess. Working in batches, add veal to skillet and sauté until beginning to brown, about 1 minute per side. Transfer to plate. Tent with foil to keep warm.", "Melt remaining 3 tablespoons butter in same skillet over medium-high heat. Add mushrooms and shallots and sauté until mushrooms are brown and tender, about 7 minutes. Add wine; simmer until liquid is reduced to 1/4 cup. Add cream; simmer until reduced to sauce consistency, about 3 minutes. Season sauce with salt and pepper. Return veal to skillet; simmer until just heated through, about 1 minute. Transfer veal to plates, spooning sauce over. Sprinkle with parsley; serve." ],
  "fat" : 25.0,
  "date" : "2004-08-20T04:00:00.000Z",
  "categories" : [ "Milk/Cream", "Mushroom", "Sauté", "Quick & Easy", "Veal", "White Wine", "Bon Appétit" ],
  "calories" : 420.0,
  "desc" : "John Schumacher bought the historic but deteriorating Broz Hotel, 50 miles southwest of Minneapolis, back in 1974. After renovating the building, he reopened it as a European-style hotel and restaurant. Schumachers' is now on the National Register of Historic Places. John's wife, Kathleen, runs the front of the popular restaurant, and John is the chef. His specialties are central European fare — like this veal sauté.",
  "protein" : 21.0,
  "rating" : 4.375,
  "title" : "Veal Scallops with Creamy Mushroom Sauce ",
  "ingredients" : [ "1/2 cup all purpose flour", "1 1/4 pounds large veal scallops (each about 1/4 inch thick)", "5 tablespoons butter", "8 ounces crimini mushrooms, sliced", "2 large shallots, finely chopped (about 1/2 cup)", "3/4 cup dry white wine", "1 cup whipping cream", "2 tablespoons chopped fresh parsley" ],
  "sodium" : 576.0
}