{
  "recipeId" : 2,
  "directions" : [ "In a large heavy saucepan cook diced fennel and onion in butter over moderate heat, stirring, until softened, about 10 minutes. Peel and cube potatoes. Add potatoes and broth to fennel mixture and simmer, covered, until potatoes are very tender, about 20 minutes. In a blender or food processor purée mixture in batches until smooth and return to saucepan. Stir in milk and salt and pepper to taste and simmer soup, stirring occasionally, 10 minutes, or until heated through.", "Garnish soup with reserved fennel leaves." ],
  "fat" : 7.0,
  "date" : "2004-08-20T04:00:00.000Z",
  "categories" : [ "Soup/Stew", "Dairy", "Potato", "Vegetable", "Fennel", "Gourmet", "New York" ],
  "calories" : 165.0,
  "desc" : null,
  "protein" : 6.0,
  "rating" : 3.75,
  "title" : "Potato and Fennel Soup Hodge ",
  "ingredients" : [ "1 fennel bulb (sometimes called anise), stalks discarded, bulb cut into 1/2-inch dice, and feathery leaves reserved for garnish", "1 onion, diced", "2 tablespoons unsalted butter", "2 medium russet (baking) potatoes", "2 cups chicken broth", "1 1/2 cups milk" ],
  "sodium" : 165.0
}