{
  "recipeId" : 225,
  "directions" : [ "1. Place 2 tablespoons diced fruit, 1 tablespoon citrus fruit, and some herb leaves in a glass.", "2. Crush with a spoon or muddler.", "3. Add 2 tablespoons syrup, or to taste.", "4. Fill glass with crushed ice.", "5. Mix in spirits.", "6. Top with sparkling water or club soda.", "Pineapple, lemon, mint, citrus syrup, vodka", "Mango, lime, ginger syrup, gin", "Watermelon, orange, rum", "Kiwi, grapefruit, tequila" ],
  "fat" : 1.0,
  "date" : "2007-01-19T18:55:35.000Z",
  "categories" : [ "Fruit Juice", "Gin", "Rum", "Tequila", "Vodka", "Alcoholic", "Fruit", "Summer", "Bon Appétit", "Drink" ],
  "calories" : 140.0,
  "desc" : null,
  "protein" : 2.0,
  "rating" : 4.375,
  "title" : "D.i.y. Drinks Bar ",
  "ingredients" : [ "In bowls, put out diced pineapple, mango, watermelon, kiwi, lemon, lime, orange, and grapefruit; raspberries, blueberries, and diced strawberries; mint and basil. Arrange spiced syrups (Citrus Spice Syrup, <epi:recipelink id=\"234832\">Ginger Spice Syrup</epi:recipelink> ), sparkling water, crushed ice, measuring spoons, muddlers, vodka, gin, rum, and tequila on the table." ],
  "sodium" : 2.0
}