{
  "recipeId" : 229,
  "directions" : [ "Mash 1/2 cup blackberries with fork in small bowl. Puree remaining berries in processor. Pour puree into strainer set over bowl, pressing on solids to extract as much liquid as possible. Discard solids in strainer. Whisk preserves and mashed berries into puree. (Can be made 1 day ahead. Cover and refrigerate.)" ],
  "fat" : 1.0,
  "date" : "2004-11-30T19:14:54.000Z",
  "categories" : [ "Sauce", "Berry", "Dessert", "Vegetarian", "Quick & Easy", "Blackberry", "Raspberry", "Vegan", "Bon Appétit", "Pescatarian", "Dairy Free", "Wheat/Gluten-Free", "Peanut Free", "Tree Nut Free", "Soy Free", "Kosher" ],
  "calories" : 172.0,
  "desc" : null,
  "protein" : 2.0,
  "rating" : 0.0,
  "title" : "Blackberry-Raspberry Sauce ",
  "ingredients" : [ "2 cups frozen blackberries, thawed", "1/4 cup black raspberry preserves" ],
  "sodium" : 14.0
}