{
  "recipeId" : 37,
  "directions" : [ "Cut off and discard 1 inch from stem ends of broccoli rabe. Cook broccoli rabe, uncovered, in 2 batches in a 6- to 8-quart pot of boiling salted water until just tender, about 3 minutes, transferring with a slotted spoon to a large bowl of ice and cold water to stop cooking. Drain well in a colander.", "Cook garlic in oil in a 12-inch nonstick skillet over moderate heat, stirring occasionally, until garlic is golden, about 5 minutes. Add broccoli rabe and cook, tossing to coat with oil, until heated through, 3 to 5 minutes. Toss broccoli rabe with salt." ],
  "fat" : 10.0,
  "date" : "2004-08-20T04:00:00.000Z",
  "categories" : [ "Garlic", "Side", "Sauté", "Vegetarian", "Quick & Easy", "Vegan", "Broccoli Rabe", "Boil", "Gourmet", "Sugar Conscious", "Kidney Friendly", "Pescatarian", "Paleo", "Dairy Free", "Wheat/Gluten-Free", "Peanut Free", "Tree Nut Free", "Soy Free", "No Sugar Added", "Kosher" ],
  "calories" : 107.0,
  "desc" : "Active time: 25 min Start to finish: 30 min",
  "protein" : 4.0,
  "rating" : 4.375,
  "title" : "Sauteed Broccoli Rabe ",
  "ingredients" : [ "2 lb broccoli rabe", "3 large garlic cloves, thinly sliced lengthwise", "1/3 cup extra-virgin olive oil", "1 teaspoon salt (preferably sea salt), or to taste", "Accompaniment: lemon wedges" ],
  "sodium" : 329.0
}