{
  "recipeId" : 354,
  "directions" : [ "In medium bowl, whisk together all ingredients. Season with salt and freshly ground black pepper. Taste and add more lime juice if desired." ],
  "fat" : 8.0,
  "date" : "2005-12-01T04:00:00.000Z",
  "categories" : [ "Condiment/Spread", "Hanukkah", "Quick & Easy", "Yogurt", "Lime", "Curry", "Kosher" ],
  "calories" : 156.0,
  "desc" : "Lime juice and curry powder enliven this simple yogurt dipping sauce. It's so quick and easy that you can make it while the pancakes are cooking. For best results, use full-fat yogurt. In a pinch, low-fat will do, but do not use nonfat.",
  "protein" : 9.0,
  "rating" : 4.375,
  "title" : "Curry-Lime Yogurt ",
  "ingredients" : [ "2 cups plain yogurt", "2 teaspoons curry powder", "1/4 teaspoon fresh lime juice, plus more to taste" ],
  "sodium" : 114.0
}