{
  "recipeId" : 211,
  "directions" : [ "In a blender blend at high speed the bananas, the pineapple juice, the orange juice, the yogurt, and the honey until the mixture is smooth and frothy and divide the mixture among chilled glasses." ],
  "fat" : 2.0,
  "date" : "2004-08-20T20:58:12.000Z",
  "categories" : [ "Fruit Juice", "Non-Alcoholic", "Breakfast", "Brunch", "Kid-Friendly", "Yogurt", "Banana", "Healthy", "Gourmet", "Drink", "Vegetarian", "Pescatarian", "Wheat/Gluten-Free", "Peanut Free", "Tree Nut Free", "Soy Free", "Kosher" ],
  "calories" : 138.0,
  "desc" : null,
  "protein" : 3.0,
  "rating" : 0.0,
  "title" : "Banana Smoothie ",
  "ingredients" : [ "2 bananas", "1 cup unsweetened pineapple juice", "1 cup fresh orange juice", "2/3 cup plain yogurt", "honey to taste" ],
  "sodium" : 21.0
}