{
  "recipeId" : 133,
  "directions" : [ "Tear 8 ounces burrata into pieces (or use bocconcini) and place on a platter.", "Toss 2 thinly sliced watermelon radishes with 2 tablespoons olive oil and 2 teaspoons fresh lemon juice; season with salt and pepper.", "Arrange radish mixture over burrata and drizzle with any remaining dressing.", "Top with chopped chives and finely grated lemon zest." ],
  "fat" : 19.0,
  "date" : "2014-04-21T04:00:00.000Z",
  "categories" : [ "Salad", "Cheese", "Side", "Lunch", "Radish", "Bon Appétit", "Sugar Conscious", "Kidney Friendly", "Vegetarian", "Pescatarian", "Wheat/Gluten-Free", "Peanut Free", "Tree Nut Free", "Soy Free", "No Sugar Added", "Kosher" ],
  "calories" : 235.0,
  "desc" : "\"Spicy, vibrant watermelon radishes need little more than lemon and herbs to make magic with salty burrata.\" –Alison Roman, senior associate food editor",
  "protein" : 13.0,
  "rating" : 5.0,
  "title" : "Radishes with Burrata ",
  "ingredients" : [ "8 ounces burrata torn into pieces (or use bocconcini)", "2 thinly sliced watermelon radishes", "2 tablespoons olive oil", "2 teaspoons fresh lemon juice", "Salt and Pepper", "Chopped chives and finely grated lemon zest (for topping)" ],
  "sodium" : 388.0
}