{
  "recipeId" : 96,
  "directions" : [ "Cook acini di pepe in a pasta pot of boiling salted water (3 Tbsp salt for 6 qt water), stirring occasionally, until al dente. Drain well in a sieve. Transfer to a bowl.", "Meanwhile, heat oil and butter in a 10-inch heavy skillet over medium-high heat until foam subsides, then sauté garlic with red-pepper flakes until golden, about 2 minutes. Stir in olives. Toss with pasta. Season with salt and pepper." ],
  "fat" : 8.0,
  "date" : "2008-05-12T19:57:03.000Z",
  "categories" : [ "Garlic", "Olive", "Pasta", "Side", "Quick & Easy", "Gourmet", "Sugar Conscious", "Kidney Friendly", "Vegetarian", "Pescatarian", "Peanut Free", "Tree Nut Free", "Soy Free", "No Sugar Added", "Kosher" ],
  "calories" : 209.0,
  "desc" : "Small pasta like acini di pepe and orzo make wonderful room-temperature salads, since they mix so thoroughly with the other ingredients and never go stiff. Garlic, olives, and chile flakes lend a lot of zip to this quick side dish you'll come back to all summer.",
  "protein" : 5.0,
  "rating" : 4.375,
  "title" : "Acini di Pepe Pasta with Garlic and Olives ",
  "ingredients" : [ "1/2 pound acini di pepe or orzo (1 1/4 cups)", "1 tablespoon olive oil", "2 tablespoon unsalted butter", "4 garlic cloves, minced (1 1/2 tablespoon)", "1/4 teaspoon hot red-pepper flakes", "1/2 cup pitted Kalamata olives, quartered" ],
  "sodium" : 77.0
}