{
  "recipeId" : 473,
  "directions" : [ "Boil vinegar in heavy small saucepan over medium heat until reduced by half, about 3 minutes. Pour vinegar into large bowl. Whisk in oil, mustard, marjoram and garlic. Season dressing to taste with salt and pepper.", "Cook asparagus in large pot of boiling salted water until crisp-tender, about 4 minutes. Drain; rinse with cold water and drain again. Add asparagus and bell pepper to dressing; toss to blend well. Sprinkle with pecans and serve." ],
  "fat" : 17.0,
  "date" : "2004-08-20T04:00:00.000Z",
  "categories" : [ "Salad", "Nut", "Pepper", "Vegetable", "Side", "Picnic", "Quick & Easy", "Low Cal", "Mother's Day", "Backyard BBQ", "Vinegar", "Pecan", "Asparagus", "Bell Pepper", "Spring", "Healthy", "Bon Appétit", "Vegan", "Vegetarian", "Pescatarian", "Paleo", "Dairy Free", "Wheat/Gluten-Free", "Peanut Free", "Soy Free", "No Sugar Added", "Kosher" ],
  "calories" : 221.0,
  "desc" : "Boiling the vinegar concentrates and sweetens it, so the dressing doesn't require as much oil to balance the acid.",
  "protein" : 6.0,
  "rating" : 4.375,
  "title" : "Asparagus Salad with Sweet Balsamic Vinegar ",
  "ingredients" : [ "1/3 cup balsamic vinegar", "3 tablespoons olive oil", "1 tablespoon Dijon mustard", "1 tablespoon chopped fresh marjoram or 1 teaspoon dried", "1 teaspoon minced garlic", "2 pounds asparagus, tough ends trimmed, cut on diagonal into 2-inch pieces", "1 small red bell pepper, diced", "1/3 cup chopped pecans, toasted" ],
  "sodium" : 52.0
}