{
  "recipeId" : 166,
  "directions" : [ "Trim stalks and cut fennel bulb lengthwise into 1/4-inch-thick strips, discarding core. Cut carrots into 1/4-inch-thick sticks.", "Heat oil in a large nonstick skillet over moderately high heat until hot but not smoking, then sauté fennel and carrots with salt to taste, stirring occasionally, until they begin to brown. Add wine, water, and sugar and simmer, covered, 5 minutes. Boil, uncovered, stirring occasionally, until liquid is evaporated and vegetables are tender. Season with salt and pepper." ],
  "fat" : 4.0,
  "date" : "2004-08-20T04:00:00.000Z",
  "categories" : [ "Vegetable", "Side", "Sauté", "Vegetarian", "Fennel", "Carrot", "Fall", "Winter", "Vegan", "Gourmet", "Pescatarian", "Dairy Free", "Wheat/Gluten-Free", "Peanut Free", "Tree Nut Free", "Soy Free", "Kosher" ],
  "calories" : 97.0,
  "desc" : "These vegetables would complement not only lamb chops but roast chicken as well.",
  "protein" : 2.0,
  "rating" : 4.375,
  "title" : "Sauteed Fennel and Carrots ",
  "ingredients" : [ "1 fennel bulb (sometimes called anise; about 1 pound)", "2 carrots, halved crosswise", "1 tablespoon olive oil", "1/4 cup dry white wine", "1/4 cup water", "1 tablespoon sugar" ],
  "sodium" : 81.0
}