{
  "recipeId" : 310,
  "directions" : [ "Preheat oven to 500°F. Spray large baking sheet with vegetable oil spray. Toss sweet potatoes with oil in large bowl. Sprinkle generously with salt and pepper. Spread sweet potatoes in single layer on prepared baking sheet. Bake until sweet potatoes are tender and golden brown, turning occasionally, about 30 minutes. Transfer sweet potatoes to platter.", "Mix parsley, thyme and garlic in small bowl. Sprinkle over sweet potatoes." ],
  "fat" : 7.0,
  "date" : "2004-08-20T04:00:00.000Z",
  "categories" : [ "Garlic", "Herb", "Side", "Bake", "Kid-Friendly", "Quick & Easy", "Wheat/Gluten-Free", "Root Vegetable", "Sweet Potato/Yam", "Winter", "Healthy", "Thyme", "Bon Appétit", "Vegan", "Vegetarian", "Pescatarian", "Dairy Free", "Peanut Free", "Tree Nut Free", "Soy Free", "No Sugar Added", "Kosher" ],
  "calories" : 213.0,
  "desc" : "Great with chicken, turkey burgers or steak.",
  "protein" : 3.0,
  "rating" : 3.75,
  "title" : "Sweet Potato Fries with Garlic and Herbs ",
  "ingredients" : [ "Nonstick vegetable oil spray", "1 1/2 pounds red-skinned sweet potatoes (yams), peeled, cut into 1/2-inch-wide slices, then again into 1/2-inch-wide strips", "2 tablespoons olive oil", "2 tablespoons chopped fresh Italian parsley", "1 teaspoon chopped fresh thyme or 1/2 teaspoon dried", "1 garlic clove, minced" ],
  "sodium" : 95.0
}