{
  "recipeId" : 465,
  "directions" : [ "Boil cider, ginger, garlic, soy sauce, vinegar, and honey in a small saucepan until reduced to about 1/4 cup, 10 to 12 minutes. Cool completely. Reserve 2 tablespoons glaze for drizzling.", "Preheat broiler.", "Pat lamb chops dry and sprinkle with 1/2 teaspoon salt (total). Arrange on rack of a broiler pan and brush top of chops with half of glaze. Broil 3 to 4 inches from heat 3 minutes. Turn over and brush with remaining glaze, then broil 3 to 4 minutes more for medium-rare. Transfer chops to a plate and drizzle with reserved glaze. Let stand 5 minutes, then sprinkle with scallion." ],
  "fat" : null,
  "date" : "2007-10-15T21:53:05.000Z",
  "categories" : [ "Fruit Juice", "Onion", "Broil", "Quick & Easy", "Low Cal", "Apple", "Lamb Chop", "Fall", "Winter", "Healthy", "Gourmet" ],
  "calories" : null,
  "desc" : null,
  "protein" : null,
  "rating" : 4.375,
  "title" : "Cider-Glazed Lamb Chops ",
  "ingredients" : [ "1 cup unfiltered apple cider", "2 tablespoons minced peeled ginger", "2 tablespoons minced garlic", "3 tablespoons soy sauce", "3 tablespoons rice vinegar (not seasoned)", "1 tablespoon mild honey", "8 rib lamb chops (3/4 inch thick), cut from 1 rack", "1 scallion, finely chopped" ],
  "sodium" : null
}