{
  "recipeId" : 112,
  "directions" : [ "Preheat oven to 400°F. Sprinkle each pear half with brown sugar and rosemary, dividing evenly. Arrange pears in glass pie plate. Bake until tender and golden, about 20 to 30 minutes. Sprinkle half of cheese over each. Bake until cheese melts, approximately 5 minutes.", "Place pears on plates. Spoon 1 tablespoon of Port over each and serve." ],
  "fat" : null,
  "date" : "2004-08-20T04:00:00.000Z",
  "categories" : [ "Cheese", "Fruit", "Herb", "Dessert", "Bake", "Low Fat", "Pear", "Pecan", "Port", "Bon Appétit" ],
  "calories" : null,
  "desc" : null,
  "protein" : null,
  "rating" : 3.75,
  "title" : "Baked Pears with Rosemary, Gorgonzola Cheese and Port ",
  "ingredients" : [ "1 large ripe pear, halved, cored", "1 tablespoon firmly packed dark brown sugar", "1/2 teaspoon chopped fresh rosemary", "2 tablespoons crumbled Gorgonzola cheese (about 3/4 ounce)", "2 tablespoons ruby Port" ],
  "sodium" : null
}