{
  "recipeId" : 423,
  "directions" : [ "Place onion slices in a medium bowl. Pour vinegar and 1/2 cup warm water over onion. Stir in sugar and season with salt; let stand until slightly pickled, about 30 minutes. Drain. DO AHEAD: Can be made 2 days ahead. Let cool slightly. Cover and refrigerate." ],
  "fat" : 0.0,
  "date" : "2011-04-12T04:00:00.000Z",
  "categories" : [ "Onion", "Side", "Low Fat", "Vegetarian", "Quick & Easy", "High Fiber", "Cinco de Mayo", "Backyard BBQ", "Vinegar", "Healthy", "Low Cholesterol", "Vegan", "Potluck", "Bon Appétit", "Fat Free", "Sugar Conscious", "Kidney Friendly", "Pescatarian", "Dairy Free", "Wheat/Gluten-Free", "Peanut Free", "Tree Nut Free", "Soy Free", "Kosher" ],
  "calories" : 32.0,
  "desc" : "This versatile condiment is a staple in Mexican kitchens and adds refreshing acidity to both the pinto beans and tacos.",
  "protein" : 1.0,
  "rating" : 5.0,
  "title" : "Pickled Onions ",
  "ingredients" : [ "1 medium red onion, thinly sliced (about 1 cup)", "1/4 cup red wine vinegar or apple cider vinegar", "1/2 teaspoon sugar", "Kosher salt" ],
  "sodium" : 23.0
}