{
  "recipeId" : 47,
  "directions" : [ "Mix first 6 ingredients in small bowl until almost smooth. Cover; chill. DO AHEAD: Can be made 1 day ahead. Keep chilled.", "Transfer goat cheese spread to shallow bowl. Drizzle oil over. Sprinkle mint leaves over and serve with crackers." ],
  "fat" : null,
  "date" : "2008-11-04T04:00:00.000Z",
  "categories" : [ "Appetizer", "Christmas", "Cocktail Party", "Vegetarian", "Quick & Easy", "Oscars", "Dinner", "Goat Cheese", "Mint", "Christmas Eve", "Engagement Party", "Party", "Potluck", "Bon Appétit", "Sugar Conscious", "Kidney Friendly", "Pescatarian", "Wheat/Gluten-Free", "Peanut Free", "Tree Nut Free", "Soy Free", "No Sugar Added", "Kosher" ],
  "calories" : null,
  "desc" : "This easy appetizer is packed with flavor. And since this is a Latin-themed party, dont forget to set out a bowl of chips with your favorite salsa.",
  "protein" : null,
  "rating" : 4.375,
  "title" : "Herbed Goat Cheese Spread with Mint ",
  "ingredients" : [ "12 ounces soft fresh goat cheese, crumbled (about 21/2 cups), room temperature", "2 tablespoons whole milk", "2 teaspoons whole cumin seeds", "1 teaspoon dried dill weed", "1/2 teaspoon freshly ground black pepper", "2 garlic cloves, pressed", "1/4 cup extra-virgin olive oil", "20 mint leaves, thinly sliced", "32 (or more) seeded crackers" ],
  "sodium" : null
}