{
  "recipeId" : 462,
  "directions" : [ "With a sharp thin knife thinly slice kumquats crosswise, removing seeds. Pick over cranberries. In a small saucepan bring water with sugar to a boil and simmer, stirring until sugar is dissolved, 5 minutes. Add kumquats and simmer 5 minutes. With a slotted spoon transfer kumquats to a bowl. Add cranberries to syrup and simmer 10 minutes. Cool mixture completely. (Cranberry mixture and kumquats may be made 3 days ahead and chilled in separate airtight containers - so kumquats will retain their color).", "Just before serving, stir kumquats into cranberry mixture." ],
  "fat" : 0.0,
  "date" : "2004-08-20T04:00:00.000Z",
  "categories" : [ "Condiment/Spread", "Sauce", "Thanksgiving", "Quick & Easy", "Low Sodium", "Wheat/Gluten-Free", "Cranberry", "Chill", "Kumquat", "Simmer", "Boil", "Gourmet" ],
  "calories" : 253.0,
  "desc" : "Can be prepared in 45 minutes or less.",
  "protein" : 1.0,
  "rating" : 3.75,
  "title" : "Cranberry Kumquat Compote ",
  "ingredients" : [ "1/4 pound kumquats (about 10)", "a 12-ounce bag fresh or unthawed frozen cranberries (about 3 1/2 cups)", "1 cup water", "1 cup sugar" ],
  "sodium" : 7.0
}