{
  "recipeId" : 271,
  "directions" : [ "Divide the berries equally among four bowls. Place the remaining ingredients in another bowl, and toss to combine. Sprinkle the mixture over each of the four bowls and serve." ],
  "fat" : 7.0,
  "date" : "2016-01-01T13:50:00.000Z",
  "categories" : [ "HarperCollins", "Breakfast", "Quinoa", "Berry", "Almond", "Healthy", "Low Fat", "Low Cal", "Low Cholesterol", "Kidney Friendly", "Vegan", "Vegetarian", "Pescatarian", "Wheat/Gluten-Free", "Peanut Free", "Soy Free", "No Sugar Added", "Kosher" ],
  "calories" : 173.0,
  "desc" : "Breakfast bowls are the new green juice: they've become an in-demand menu item for the post-yoga, post-spin class set, despite some eyebrow raising prices for what boils down to a pretty simple breakfast. Why spend all of that money on something you can easily make at home? This hearty, gluten-free bowl takes just minutes to throw together and is absolutely delicious.",
  "protein" : 5.0,
  "rating" : 5.0,
  "title" : "Breakfast Bowl With Quinoa and Berries ",
  "ingredients" : [ "4 cups mixed berries (raspberries, strawberries, blueberries, blackberries)", "2 tablespoons hemp hearts (available in the natural section of most supermarkets in a variety of brands)", "20 whole almonds, toasted and chopped", "1/4 cup cooked quinoa" ],
  "sodium" : 3.0
}