{
  "recipeId" : 358,
  "directions" : [ "With a vegetable peeler or paring knife peel squash. Cut squash and onion into 1/4-inch dice and cut broccoli rabe into 1/2-inch pieces.", "In a 12-inch nonstick skillet heat oil over moderately high heat until hot but not smoking and add vegetables and salt to taste, stirring to coat with oil. Add water and cook vegetables, covered, over moderate heat 5 minutes, or until tender. Remove lid and cook vegetables over moderately high heat, stirring occasionally, until liquid is evaporated and vegetables begin to brown, about 3 minutes more." ],
  "fat" : 14.0,
  "date" : "2004-08-20T12:48:48.000Z",
  "categories" : [ "Onion", "Vegetable", "Side", "Sauté", "Thanksgiving", "Vegetarian", "Quick & Easy", "Butternut Squash", "Fall", "Healthy", "Vegan", "Broccoli Rabe", "Gourmet", "Pescatarian", "Paleo", "Dairy Free", "Wheat/Gluten-Free", "Peanut Free", "Tree Nut Free", "Soy Free", "No Sugar Added", "Kosher" ],
  "calories" : 313.0,
  "desc" : "This recipe can be prepared in 45 minutes or less.",
  "protein" : 7.0,
  "rating" : 3.125,
  "title" : "Broccoli Rabe and Butternut Squash ",
  "ingredients" : [ "1/2 small butternut squash (about 1 1/2 pounds)", "1 medium red onion", "6 ounces broccoli rabe (about 1/2 bunch)", "2 tablespoons olive oil", "1/4 cup water" ],
  "sodium" : 45.0
}