{
  "recipeId" : 126,
  "directions" : [ "Cut butter into 1/2-inch cubes.", "In a bowl with your fingertips or a pastry blender blend together flour, butter, shortening, and salt until most of mixture resembles coarse meal with remainder in small (roughly pea-size) lumps. Drizzle 2 tablespoons ice water evenly over mixture and gently stir with a fork until incorporated. Test mixture by gently squeezing a small handful: When it has proper texture it should hold together without crumbling apart. If necessary, add more water, 1 tablespoon at a time, stirring until incorporated, and test mixture again. (Do not overwork or add too much water; pastry will be tough.)", "In a food processor pulse together flour, butter, shortening, and salt until most of mixture resembles coarse meal with remainder in small (roughly pea-size) lumps. Add 2 tablespoons ice water and pulse 2 or 3 times, or just until incorporated. Test mixture by gently squeezing a small handful: When it has proper texture it should hold together without crumbling apart. If necessary, add more water, 1 tablespoon at a time, pulsing 2 or 3 times after each addition until incorporated, and test mixture again. (Do not overprocess or add too much water; pastry will be tough.)", "Turn mixture out onto a work surface and divide into 4 portions. With heel of hand smear each portion once in a forward motion to help distribute fat. Gather dough together and form it, rotating it on work surface, into a disk. Chill dough, wrapped in plastic wrap, until firm, at least 1 hour, and up to 1 day." ],
  "fat" : 16.0,
  "date" : "2004-08-20T04:00:00.000Z",
  "categories" : [ "Blender", "Food Processor", "Dairy", "Chill", "Gourmet" ],
  "calories" : 234.0,
  "desc" : "This recipe was created to prepare Sour Cream Raisin Pie and Pumpkin Pie \"Pumpkin\" .",
  "protein" : 3.0,
  "rating" : 5.0,
  "title" : "Pastry Dough ",
  "ingredients" : [ "3/4 stick (6 tablespoons) cold unsalted butter", "1 1/4 cups all-purpose flour", "2 tablespoons cold vegetable shortening", "1/4 teaspoon salt", "2 to 4 tablespoons ice water" ],
  "sodium" : 99.0
}