{
  "recipeId" : 302,
  "directions" : [ "Place ground coffee, cardamom, sugar, cinnamon, and nutmeg in coffee filter. Using spoon, mix gently. Add water to coffee maker and brew according to manufacturer's instructions.", "Divide coffee among 8 cups. Garnish each with a dollop of whipped cream and serve immediately. /epi-preparation>", "<epi-conclusion>/epi-conclusion></epi-conclusion>" ],
  "fat" : 6.0,
  "date" : "2004-08-20T20:58:12.000Z",
  "categories" : [ "Coffee", "Milk/Cream", "Alcoholic", "Christmas", "Brandy", "Winter", "Cinnamon", "Nutmeg", "Bon Appétit", "Drink" ],
  "calories" : 78.0,
  "desc" : "Make hot chocolate for the kids. Top it with whipped cream and add a cinnamon stick.",
  "protein" : 1.0,
  "rating" : 0.0,
  "title" : "Spiced Christmas Coffee with Brandied Whipped Cream ",
  "ingredients" : [ "1/4 cup chilled whipping cream", "1 1/2 tablespoons powdered sugar", "1 tablespoon brandy", "1 cup freshly ground coffee (preferably a mild roast such s Colombian)", "5 teaspoons ground cardamom", "1 tablespoon sugar", "2 teaspoons ground cinnamon", "1 teaspoon ground nutmeg", "7 cups water" ],
  "sodium" : 14.0
}