{
  "recipeId" : 469,
  "directions" : [ "Combine peppers, chiles, sugar, red pepper flakes and salt in a heavy wide pot over medium heat and bring to a simmer, stirring to dissolve sugar. Stir in pectin and lemon juice. Reduce heat and simmer gently for 10 minutes.", "Stir in cranberries and simmer gently until they burst and juices thicken, about 10 minutes longer. Transfer jelly to a jar, let cool, and cover. Will keep for up to 3 weeks in the refrigerator." ],
  "fat" : null,
  "date" : "2011-10-20T04:00:00.000Z",
  "categories" : [ "Side", "Thanksgiving", "Low Fat", "Quick & Easy", "Low Cal", "Low Sodium", "Cranberry", "Fall", "Healthy", "Low Cholesterol", "Simmer", "Chile Pepper", "Bon Appétit", "Vegan", "Vegetarian", "Pescatarian", "Dairy Free", "Wheat/Gluten-Free", "Peanut Free", "Tree Nut Free", "Soy Free", "Kosher" ],
  "calories" : null,
  "desc" : null,
  "protein" : null,
  "rating" : 4.375,
  "title" : "Cranberry-Pepper Jelly ",
  "ingredients" : [ "3 red bell peppers, finely chopped", "2 Fresno or red jalapeño chiles, seeded and finely chopped", "1 cup sugar", "1 1/2 teaspoons crushed red pepper flakes", "1/2 teaspoon kosher salt", "1/4 cup liquid pectin", "1 tablespoon fresh lemon juice", "3 cups cranberries, fresh or frozen and thawed", "Ingredient info: Liquid pectin is available at most supermarkets and from amazon.com" ],
  "sodium" : null
}