{
  "recipeId" : 195,
  "directions" : [ "Fry bacon in heavy large skillet over medium heat until brown and crisp. Transfer to paper towels and drain. Season chicken with salt and pepper and sauté until just cooked through, about 6 minutes per side. Transfer chicken to plate. Add onions to skillet and sauté until beginning to brown, about 4 minutes. Pour off all but 2 tablespoons drippings from skillet. Add broth, wine, prunes, gravy and thyme. Cover skillet and simmer until onions are just tender, about 6 minutes. Uncover, increase heat to high and boil until sauce coats spoon, about 10 minutes. Return chicken and any juices to skillet. Simmer until chicken is heated through, about 2 minutes. (Can be prepared 1 day ahead. Cover and refrigerate. Reheat gently before serving.) Arrange chicken on platter. Spoon sauce over. Crumble bacon over top of chicken and serve." ],
  "fat" : 26.0,
  "date" : "2004-08-20T04:00:00.000Z",
  "categories" : [ "Soup/Stew", "Chicken", "Poultry", "Sauté", "Valentine's Day", "Prune", "Red Wine", "Winter", "Bon Appétit" ],
  "calories" : 724.0,
  "desc" : "Pitted prunes replace the more customary mushrooms in this delicious variation.",
  "protein" : 42.0,
  "rating" : 4.375,
  "title" : "Coq au Vin Nouveau ",
  "ingredients" : [ "4 slices bacon", "4 large boneless chicken breasts with skin (about 1 1/4 pounds)", "16 1-inch boiling onions, peeled", "1 cup canned low-salt chicken broth", "1 cup dry red wine", "1 cup firm pitted prunes (about 6 ounces)", "1/2 cup canned beef gravy", "3/4 teaspoon dried thyme, crumbled" ],
  "sodium" : 485.0
}