{
  "recipeId" : 385,
  "directions" : [ "Cook potatoes and garlic in large saucepan of boiling salted water until tender, about 25 minutes. Drain well. Return potatoes and garlic to pot.", "Using handheld electric mixer, beat potato mixture at low speed until smooth. Add butter; beat until melted and smooth. Increase speed and whip potatoes just until light and fluffy. Stir in herbs. Season with salt and pepper; serve." ],
  "fat" : 15.0,
  "date" : "2004-08-20T04:00:00.000Z",
  "categories" : [ "Mixer", "Garlic", "Herb", "Potato", "Side", "Quick & Easy", "Spring", "Boil", "Bon Appétit", "Sugar Conscious", "Vegetarian", "Pescatarian", "Wheat/Gluten-Free", "Peanut Free", "Tree Nut Free", "Soy Free", "No Sugar Added", "Kosher" ],
  "calories" : 231.0,
  "desc" : null,
  "protein" : 3.0,
  "rating" : 4.375,
  "title" : "Whipped Potatoes with Herbs ",
  "ingredients" : [ "1 1/2 pounds russet potatoes, peeled, quartered", "5 garlic cloves", "1/2 cup (1 stick) butter, room temperature, cut into pieces", "1/2 cup chopped mixed fresh herbs (such as basil, parsley, and chives)" ],
  "sodium" : 11.0
}