{
  "recipeId" : 73,
  "directions" : [ "1. Preheat the oven to 350°F. Spread the nuts on a baking sheet and roast for 10 to 15 minutes, or just until they begin to brown. Remove the baking sheet from the oven and allow the nuts to cool slightly.", "2. Place the nuts, salt, and honey in the bowl of the food processor fit with the chopping blade. Blend for 20 seconds. With the motor still running, drizzle 3 tablespoons of oil into the bowl through the chute in the lid, and process for 30 seconds. If the nut butter is still dry, continue to blend and add the additional tablespoon of oil. Process for up to another minute to reach your desired consistency. Taste and adjust for salt, if needed." ],
  "fat" : 24.0,
  "date" : "2012-05-18T04:00:00.000Z",
  "categories" : [ "Condiment/Spread", "Food Processor", "Nut", "Roast", "Kid-Friendly", "Peanut", "Tree Nut", "Almond", "Cashew" ],
  "calories" : 264.0,
  "desc" : null,
  "protein" : 7.0,
  "rating" : 3.75,
  "title" : "Nut Butter ",
  "ingredients" : [ "1 pound (3 1/2 cups) shelled raw nuts", "1/2 teaspoon kosher salt, plus more to taste", "2 teaspoons honey", "3 to 4 tablespoons canola or peanut oil" ],
  "sodium" : 84.0
}