{
  "recipeId" : 293,
  "directions" : [ "Mix all ingredients in small bowl. Cover; chill." ],
  "fat" : 15.0,
  "date" : "2008-09-29T04:00:00.000Z",
  "categories" : [ "Sauce", "Quick & Easy", "Mayonnaise", "Lemon", "Bon Appétit" ],
  "calories" : 143.0,
  "desc" : "Save any leftover sauce in the refrigerator for up to three days.",
  "protein" : 0.0,
  "rating" : 0.0,
  "title" : "Quick Tartar Sauce ",
  "ingredients" : [ "1 cup mayonnaise", "6 tablespoons sweet pickle relish or or finely chopped bread-and-butter pickles", "2 tablespoons fresh lemon juice" ],
  "sodium" : 172.0
}