{
  "recipeId" : 443,
  "directions" : [ "In a blender puree chopped cucumbers, yogurt, sour cream, mustard, and salt and pepper to taste and transfer to a bowl. Chill soup at least 6 hours or overnight.", "Stir in finely diced cucumber and chopped mint and garnish soup with cucumber slices and mint sprigs." ],
  "fat" : 10.0,
  "date" : "2004-08-20T04:00:00.000Z",
  "categories" : [ "Soup/Stew", "Blender", "No-Cook", "Quick & Easy", "Yogurt", "Mint", "Cucumber", "Summer", "Chill", "Sour Cream", "Gourmet" ],
  "calories" : 153.0,
  "desc" : "Can be prepared in 45 minutes or less but requires additional unattended time.",
  "protein" : 5.0,
  "rating" : 3.75,
  "title" : "Cold Cucumber Mint Soup ",
  "ingredients" : [ "3 cucumbers, peeled, seeded, and chopped, plus 1 cup peeled, seeded, and finely diced cucumber", "1 cup plain yogurt", "2/3 cup sour cream", "1/2 teaspoon English-style dry mustard, or to taste", "1/4 cup chopped fresh mint leaves", "cucumber slices and mint sprigs for garnish" ],
  "sodium" : 53.0
}