{
  "recipeId" : 167,
  "directions" : [ "If necessary, trim steaks, leaving some fat. In a shallow dish rub steaks with garlic and oil. Marinate steaks, covered and chilled, at least 30 minutes and up to 1 day.", "Prepare grill.", "Season steaks generously with coarse salt and grill on a rack set 5 to 6 inches over glowing coals 2 to 3 minutes on each side for medium-rare. (Alternatively, steaks may be broiled on rack of a broiler pan under a preheated broiler 3 inches from heat about 4 minutes on each side.) Transfer steaks to a cutting board and drizzle with lime juice. Let steaks stand, uncovered, 5 to 10 minutes and with a sharp knife cut diagonally across grain into thin slices.", "Serve steak with accompaniments." ],
  "fat" : 11.0,
  "date" : "2004-08-20T04:00:00.000Z",
  "categories" : [ "Beef", "Citrus", "Garlic", "Broil", "Kid-Friendly", "Quick & Easy", "Backyard BBQ", "Summer", "Grill/Barbecue", "Gourmet" ],
  "calories" : 148.0,
  "desc" : "Arrachera con Ajo y Limon a la Parrilla",
  "protein" : 11.0,
  "rating" : 4.375,
  "title" : "Grilled Garlic-Marinated Skirt Steak with Lime ",
  "ingredients" : [ "3 pounds skirt steak (about 3 long steaks)", "3 tablespoons finely chopped garlic", "3 tablespoons olive oil", "coarse salt to taste", "3 tablespoons fresh lime juice, or to taste", "Warm Tortillas", "Rajas con Crema orCebollitas Asadas", "Fresh Tomato Salsa" ],
  "sodium" : 22.0
}