{
  "recipeId" : 392,
  "directions" : [ "Place the butter, sugar, and salt in a medium saucepan. Over medium-high heat, cook, stirring constantly, until the butter has melted and the sugar has dissolved. Stir in the cream, and cook for another 3 or 4 minutes, until the mixture boils." ],
  "fat" : 28.0,
  "date" : "2013-11-04T04:00:00.000Z",
  "categories" : [ "Sauce", "Milk/Cream", "Dessert", "Quick & Easy", "Kidney Friendly", "Vegetarian", "Pescatarian", "Wheat/Gluten-Free", "Peanut Free", "Tree Nut Free", "Soy Free", "Kosher" ],
  "calories" : 395.0,
  "desc" : "Editor's note: Use this sauce to make Suzanne Goin's Sticky Toffee Pudding with Blood Orange, Tangerine, and Whipped Crème Fraîche .",
  "protein" : 1.0,
  "rating" : 5.0,
  "title" : "Toffee Sauce ",
  "ingredients" : [ "2 tablespoons unsalted butter", "1/2 cup lightly packed dark-brown sugar", "Generous pinch kosher salt", "6 tablespoons heavy cream" ],
  "sodium" : 88.0
}