{
  "recipeId" : 291,
  "directions" : [ "Rub each steak with a cut clove of garlic and brush with melted butter or oil. Grill over coals, turning to brown evenly, until the steaks are nicely browned on the outside but still pink and rare in the middle. Season to taste with salt and pepper as they cook." ],
  "fat" : null,
  "date" : "2004-08-20T04:00:00.000Z",
  "categories" : [ "Lamb", "Summer", "House & Garden" ],
  "calories" : null,
  "desc" : null,
  "protein" : null,
  "rating" : 4.375,
  "title" : "Lamb Steaks ",
  "ingredients" : [ "lamb steaks from the leg or the shoulder cut about 1 1/2 inches thick", "garlic", "melted butter or oil", "salt and pepper" ],
  "sodium" : null
}