{
  "recipeId" : 103,
  "directions" : [ "Pulse flour and salt in a food processor; add butter and shortening and pulse until mixture resembles coarse meal with a few pea-size pieces of butter remaining. Transfer flour mixture to a large bowl and drizzle with 1/2 cup ice water. Mix with a fork until dough just comes together.", "Knead dough lightly, adding more water by the tablespoonful if needed, until no dry spots remain (dough will be slightly shaggy but moist). Form into a disk and wrap tightly in plastic. Chill until firm, at least 2 hours.", "DO AHEAD: Crust can be made 2 days ahead; keep chilled.", "Preheat oven to 375°F. Season short ribs with kosher salt and pepper; toss with 1/2 cup flour on a rimmed baking sheet. Heat oil in a large heavy pot over medium-high heat and, working in batches, shake excess flour from ribs and cook, turning occasionally, until deeply browned, 8–10 minutes per batch. Using a slotted spoon, transfer to a large bowl.", "Add onions to same pot and cook, stirring occasionally, until golden brown; season with kosher salt and pepper and, using a slotted spoon, transfer to a small bowl. Reduce heat to medium, add garlic to pot, and cook, stirring, until softened, about 2 minutes.", "Add tomato paste and cook, stirring often, until slightly darkened in color, 5–8 minutes. Add wine, rosemary, and thyme sprigs, bring to a boil, and cook, scraping up browned bits, until liquid is reduced by half, 8–10 minutes. Add 6 cups water to pot and bring to a boil.", "Return short ribs to pot; season with kosher salt and pepper. Reduce heat and simmer gently, uncovered, until short ribs are almost falling apart and liquid is thick enough to lightly coat a spoon, 2 1/2–3 hours.", "Add onions and chopped thyme to pot and stir to break up short ribs; season filling with kosher salt and pepper. Remove herb sprigs.", "Roll out dough on a lightly floured surface to about 1/8\" thick. Transfer filling to a shallow 2-quart baking dish. Place over filling and trim, leaving overhang. Tuck edges under and crimp. Cut a few slits in crust. Brush with cream and sprinkle with sea salt. Alternatively, you can use 8 individual dishes.", "Place dish on a rimmed baking sheet and bake pot pie until filling is bubbling and crust is golden brown, 50–60 minutes (35–40 minutes for smaller dishes). Let sit 5–10 minutes before serving.", "DO AHEAD: Filling can be made 2 days ahead. Let cool; cover and chill. Reheat gently before assembling pie." ],
  "fat" : null,
  "date" : "2014-02-13T04:00:00.000Z",
  "categories" : [ "Beef", "Bake", "Braise", "Dinner", "Meat", "Beef Rib", "Winter", "Bon Appétit", "Sugar Conscious", "Peanut Free", "Tree Nut Free", "Soy Free" ],
  "calories" : null,
  "desc" : "Shortening is the secret to extra-flaky pie crust, but nothing compares to the flavor of butter. Use both, as in this super-luxe beef pie, and you're golden.",
  "protein" : null,
  "rating" : 5.0,
  "title" : "Short Rib Pot Pie ",
  "ingredients" : [ "3 cups all-purpose flour", "2 teaspoons kosher salt", "1/2 cup (1 stick) chilled unsalted butter, cut into pieces", "1/2 cup vegetable shortening or beef lard", "3 pound boneless beef short ribs, cut into 2\" pieces", "Kosher salt, freshly ground pepper", "1/2 cup all-purpose flour, plus more", "2 tablespoons olive oil", "1 10-ounce package frozen pearl onions, thawed", "4 garlic cloves, chopped", "2 tablespoons tomato paste", "2 cups dry red wine", "2 sprigs rosemary", "6 sprigs thyme, plus 2 tablespoons chopped thyme", "Flaky sea salt (such as Maldon)", "Heavy cream (for brushing)" ],
  "sodium" : null
}