{
  "recipeId" : 170,
  "directions" : [ "Adjust rack to lower third of oven. Preheat to 300°F. Simmer wine in large saucepan over medium heat until reduced to 1 cup, about 30 minutes.", "Meanwhile, heat oil in heavy large wide pot over medium heat. Sprinkle roasts with salt and pepper. Add 1 roast to pot and cook until brown on all sides, about 13 minutes. Transfer to large plate; repeat with remaining roast. Spoon fat from pot Add onion, carrot, celery, and garlic to pot. Sprinkle with salt and pepper. sauté over medium-high heat until vegetables begin to brown, about 6 minutes. Add tomato paste; stir 1 minute. Add broth; bring to boil. Add sage, parsley, bay leaf, and peppercorns. Return roasts and any accumulated juices to pot, tucking roasts to fit in single layer. Pour reduced red wine over; cover.", "Transfer roasts to oven and braise 1 hour 15 minutes. Turn roasts over. Cover and braise until roasts are tender, about 1 hour 15 minutes longer. DO AHEAD Can be made 2 days ahead. Cool slightly. Chill uncovered until cool, then cover and keep chilled. Rewarm in 350°F oven until heated through, about 30 minutes.", "Transfer roasts to cutting board; tent with foil. Strain braising liquid into medium saucepan, pressing on solids in strainer. Spoon fat from surface of braising liquid; keep liquid warm.", "Melt butter with oil in heavy large skillet over high heat. Add celery root, turnips, and carrots. Sprinkle with salt and pepper. sauté until browned in spots, about 8 minutes. Add 1 cup braising liquid from pot roast. Cover, reduce heat to medium, and simmer until vegetables are tender, stirring occasionally, about 10 minutes. Uncover, increase heat to high, and bring to boil. Stir in sugar. Add sage and parsley and cook until sauce is reduced to glaze, stirring often, about 1 minute. Season with salt and pepper. Cut roasts into 1/2-inch-thick slices. Arrange slices on platter. Spoon vegetables around roast. Drizzle some of braising liquid over meat and serve." ],
  "fat" : 38.0,
  "date" : "2006-12-28T21:20:56.000Z",
  "categories" : [ "Beef", "Garlic", "Herb", "Onion", "Vegetable", "Braise", "Roast", "Sauté", "High Fiber", "Dinner", "Root Vegetable", "Carrot", "Turnip", "Red Wine", "Fall", "Winter", "Bon Appétit", "Wheat/Gluten-Free", "Peanut Free", "Tree Nut Free", "Soy Free" ],
  "calories" : 940.0,
  "desc" : "Brasato (which means \"braised\" in Italian) is the ultimate pot roast.",
  "protein" : 100.0,
  "rating" : 3.75,
  "title" : "Red Wine Brasato with Glazed Root Vegetables ",
  "ingredients" : [ "1 750-ml bottle hearty red wine (such as Cabernet Sauvignon, Zinfandel, or Syrah)", "3 tablespoons olive oil", "2 3-pound beef chuck pot roasts", "1 large onion, chopped", "1 large carrot, peeled, coarsely chopped", "1 large celery stalk, chopped", "3 garlic cloves, peeled, smashed", "1 heaping tablespoon tomato paste", "1 14-ounce can beef broth", "2 large sprigs fresh sage", "2 large sprigs fresh parsley", "1 bay leaf", "1/2 teaspoon whole black peppercorns", "2 tablespoons butter", "1 tablespoon olive oil", "1 (1-pound) celery root (celeriac), peeled, cut into 1-inch cubes", "1 pound turnips, peeled, cut into 1-inch cubes", "1 pound carrots, peeled, cut into 1-inch cubes", "2 teaspoons sugar", "2 tablespoons chopped fresh sage", "2 tablespoons chopped fresh parsley" ],
  "sodium" : 800.0
}