{
  "recipeId" : 111,
  "directions" : [ "Stir together all sauce ingredients in a 2- to 2 1/2-quart heavy saucepan and briskly simmer, uncovered, stirring occasionally, until thickened and reduced to about 1 1/4 cups, 25 to 30 minutes. (Stir frequently toward end of cooking to prevent sticking.)" ],
  "fat" : 0.0,
  "date" : "2012-07-09T04:00:00.000Z",
  "categories" : [ "Sauce", "Garlic", "Ginger", "Side", "Fourth of July", "Vegetarian", "Father's Day", "Backyard BBQ", "Condiment", "Summer", "Honey", "Simmer", "Gourmet", "Fat Free", "Pescatarian", "Dairy Free", "Wheat/Gluten-Free", "Peanut Free", "Tree Nut Free", "Soy Free", "Kosher" ],
  "calories" : 298.0,
  "desc" : "This sweet and tangy sauce is perfect for glazing grilled meats, seafood, and veggies. It was designed for our Grilled Shrimp and Grilled Corn recipes, as part of our Gourmet Modern Menu for A Fourth of July Cookout.",
  "protein" : 1.0,
  "rating" : 4.375,
  "title" : "Honey-Ginger Barbecue Sauce ",
  "ingredients" : [ "1 1/2 cups apple cider vinegar", "1/2 cup mild honey", "1/2 cup ketchup", "1 1/2 tablespoons hot sauce, such as Tabasco", "4 large garlic cloves, minced", "2 tablespoons minced peeled ginger", "1 teaspoon salt" ],
  "sodium" : 1430.0
}