{
  "recipeId" : 315,
  "directions" : [ "Melt butter in heavy large saucepan over medium-low heat. Add garlic and sauté until very fragrant, about 3 minutes. Add peas and broth. Increase heat to medium-high and cook until peas are tender, about 4 minutes. Mix in parsley. Season to taste with salt and pepper and serve." ],
  "fat" : 12.0,
  "date" : "2004-08-20T12:48:48.000Z",
  "categories" : [ "Garlic", "Herb", "Vegetable", "Side", "Sauté", "Pea", "Spring", "Parsley", "Bon Appétit", "Kidney Friendly", "Vegetarian", "Pescatarian", "Wheat/Gluten-Free", "Peanut Free", "Tree Nut Free", "Soy Free", "No Sugar Added", "Kosher" ],
  "calories" : 199.0,
  "desc" : "Serve this side dish with rice or mashed potatoes to soak up the flavorful sauce.",
  "protein" : 6.0,
  "rating" : 3.125,
  "title" : "Peas with Parsley and Garlic Butter ",
  "ingredients" : [ "1/4 cup (1/2 stick) unsalted butter", "5 large garlic cloves, thinly sliced", "1 pound frozen peas, thawed", "1/4 cup canned vegetable broth", "1/3 cup chopped fresh parsley" ],
  "sodium" : 186.0
}