{
  "recipeId" : 13,
  "directions" : [ "Sprinkle steaks with salt and pepper. Heat oil in large skillet over medium-high heat. Add steaks; cook to desired doneness, about 5 minutes per side for medium-rare. Transfer steaks to platter. Add 2 tablespoons parsley and garlic to skillet; stir 30 seconds. Add broth, then brandy. Boil until juices are reduced to glaze, about 6 minutes. Spoon glaze over steaks. Sprinkle with remaining 1 tablespoon parsley." ],
  "fat" : 12.0,
  "date" : "2004-08-20T04:00:00.000Z",
  "categories" : [ "Garlic", "Sauté", "Low Carb", "Quick & Easy", "Wheat/Gluten-Free", "Father's Day", "Beef Tenderloin", "Brandy", "Bon Appétit", "Massachusetts" ],
  "calories" : 174.0,
  "desc" : "This recipe can be prepared in 45 minutes or less.",
  "protein" : 11.0,
  "rating" : 4.375,
  "title" : "Beef Tenderloin with Garlic and Brandy ",
  "ingredients" : [ "4 6- to 7-ounce beef tenderloin steaks (each about 1 inch thick)", "1 tablespoon olive oil", "3 tablespoons chopped fresh parsley", "3 large garlic cloves, chopped", "2/3 cup canned beef broth", "2 tablespoons brandy" ],
  "sodium" : 176.0
}