{
  "recipeId" : 496,
  "directions" : [ "In a large kettle cover the potatoes with 2 inches salted cold water, bring the water to a boil, and simmer the potatoes for 40 to 50 minutes, or until they are tender. Drain the potatoes and force them through a ricer or peel them and mash them with a potato masher. Stir in the butter and enough of the milk, heated, to reach the desired consistency. Stir in the scallion and salt and pepper to taste." ],
  "fat" : 7.0,
  "date" : "2004-08-20T04:00:00.000Z",
  "categories" : [ "Milk/Cream", "Potato", "Vegetable", "Side", "Vegetarian", "Boil", "Gourmet" ],
  "calories" : 201.0,
  "desc" : null,
  "protein" : 5.0,
  "rating" : 2.5,
  "title" : "Mashed Potatoes with Scallion ",
  "ingredients" : [ "3 pounds boiling potatoes", "1/2 stick (1/4 cup) unsalted butter, softened", "3/4 to 1 cup milk", "1/2 cup thinly sliced scallion" ],
  "sodium" : 24.0
}