{
  "recipeId" : 25,
  "directions" : [ "Mince garlic and mash to a paste with a pinch of salt, then transfer to a bowl and stir in oil, salt, and pepper. Add baguette crumbs and stir until combined well." ],
  "fat" : 7.0,
  "date" : "2004-08-20T04:00:00.000Z",
  "categories" : [ "Bread", "Condiment/Spread", "Fry", "No-Cook", "Quick & Easy", "Winter", "Pan-Fry", "Gourmet" ],
  "calories" : 95.0,
  "desc" : null,
  "protein" : 1.0,
  "rating" : 0.0,
  "title" : "Garlic Baguette Crumbs ",
  "ingredients" : [ "1 garlic clove", "2 tablespoons olive oil", "1/4 teaspoon salt", "1/4 teaspoon black pepper", "1 cup toasted baguette crumbs" ],
  "sodium" : 103.0
}