{
  "recipeId" : 306,
  "directions" : [ "In a blender, blend the cantaloupe pieces, the ginger, and the frozen yogurt until the mixture is smooth. Pour the mixture into chilled glasses and garnish it with cantaloupe slices." ],
  "fat" : 4.0,
  "date" : "2004-08-20T20:58:12.000Z",
  "categories" : [ "Non-Alcoholic", "Ginger", "Dessert", "Frozen Dessert", "Melon", "Cantaloupe", "Gourmet", "Drink", "Vegetarian", "Pescatarian", "Wheat/Gluten-Free", "Peanut Free", "Tree Nut Free", "Soy Free", "Kosher" ],
  "calories" : 190.0,
  "desc" : null,
  "protein" : 4.0,
  "rating" : 0.0,
  "title" : "Gingered Cantaloupe Shake ",
  "ingredients" : [ "A 1 3/4-pound cantaloupe, seeded and cut into 1/2-inch pieces (about 2 cups), plus cantaloupe slices for garnish", "1 tablespoon chopped crystallized ginger", "1 pint vanilla frozen yogurt or ice cream" ],
  "sodium" : 90.0
}