{
  "recipeId" : 49,
  "directions" : [ "Cut peel and white pith from grapefruits and oranges. Cut between membranes to release segments. Combine fruit in large shallow bowl. (Fruit can be segmented 1 day ahead. Cover and refrigerate.)", "Place mint and sugar in processor. Using on/off turns, blend until mint is finely chopped, occasionally scraping down sides of bowl. Sprinkle mint sugar and pomegranate seeds over fruit; serve." ],
  "fat" : 1.0,
  "date" : "2004-08-20T04:00:00.000Z",
  "categories" : [ "Salad", "Breakfast", "Brunch", "No-Cook", "Quick & Easy", "Grapefruit", "Orange", "Mint", "Winter", "Pomegranate", "Bon Appétit", "Vegan", "Vegetarian", "Pescatarian", "Dairy Free", "Wheat/Gluten-Free", "Peanut Free", "Tree Nut Free", "Soy Free", "Kosher" ],
  "calories" : 191.0,
  "desc" : null,
  "protein" : 3.0,
  "rating" : 4.375,
  "title" : "Citrus Salad with Mint Sugar ",
  "ingredients" : [ "2 white grapefruits", "2 pink grapefruits", "6 large navel oranges", "1/2 cup fresh mint leaves", "1/4 cup sugar", "Seeds from 1 pomegranate or 1/4 cup dried cranberries" ],
  "sodium" : 4.0
}