{
  "recipeId" : 120,
  "directions" : [ "Heat oil in a 12-inch nonstick skillet over moderately high heat until hot but not smoking, then sauté cabbage, onions, thyme, salt, and pepper, stirring, 3 minutes. Cover skillet and reduce heat to moderate, then cook, stirring occasionally, until cabbage is tender, about 12 minutes more." ],
  "fat" : 1.0,
  "date" : "2004-08-20T04:00:00.000Z",
  "categories" : [ "Onion", "Side", "Sauté", "Spring", "Thyme", "Cabbage", "Gourmet" ],
  "calories" : 86.0,
  "desc" : "This recipe is an accompaniment for Pan-Seared Salmon over Red Cabbage and Onions with Merlot Gastrique.",
  "protein" : 3.0,
  "rating" : 3.75,
  "title" : "Red Cabbage and Onions ",
  "ingredients" : [ "1 teaspoon olive oil", "1 1/2 lb red cabbage, cored, cut into 2-inch pieces, and layers separated", "1/2 lb red onions, cut into 1-inch pieces and layers separated", "2 teaspoons finely chopped fresh thyme", "1/2 teaspoon salt", "1/4 teaspoon black pepper" ],
  "sodium" : 339.0
}