{
  "recipeId" : 299,
  "directions" : [ "Blend all ingredients in processor until small clumps form. Press mixture onto bottom and up sides of 9-inch-diameter tart pan with removable bottom. (Can be made 1 day ahead; chill.)", "Preheat oven to 325°F. Stir condensed milk and next 3 ingredients in medium bowl to blend. Set condensed milk mixture aside.", "Using electric mixer, beat egg whites with sugar in large bowl until soft peaks form. Using rubber spatula, gently fold 1 1/2 cups condensed milk mixture into whites. Fold remaining milk mixture into whites until just incorporated.", "Pour mixture into prepared crust. Bake until filling puffs up slightly and tester inserted into center comes out with some moist filling attached, about 40 minutes. Cool tart completely on rack. Chill until cold, at least 2 hours and up to 8 hours. Garnish tart with whipped cream and lime slices." ],
  "fat" : 23.0,
  "date" : "2004-08-20T04:00:00.000Z",
  "categories" : [ "Tequila", "Food Processor", "Dessert", "Bake", "Cinco de Mayo", "Lime", "Summer", "Party", "Bon Appétit", "Vegetarian", "Pescatarian", "Peanut Free", "Soy Free", "Kosher" ],
  "calories" : 500.0,
  "desc" : null,
  "protein" : 10.0,
  "rating" : 3.75,
  "title" : "Tequila Lime Tart ",
  "ingredients" : [ "1 1/2 cups graham cracker crumbs", "1/4 cup unsalted butter, melted", "1/4 cup pine nuts", "2 tablespoons sugar", "1 14-ounce can sweetened condensed milk", "4 large egg yolks", "1/2 cup fresh lime juice", "1/4 cup tequila", "2 egg whites", "1 tablespoon sugar", "Whipped cream (optional)", "Fresh lime slices (optional)" ],
  "sodium" : 202.0
}