{
  "recipeId" : 371,
  "directions" : [ "Prepare barbecue (medium-high heat). Stir maple syrup, chili sauce, vinegar and mustard in small saucepan until well blended. Brush chicken with oil; season with salt and pepper. Arrange chicken on barbecue. Grill until cooked through, turning occasionally and brushing generously with sauce, about 10 minutes. Serve immediately." ],
  "fat" : 70.0,
  "date" : "2004-08-20T04:00:00.000Z",
  "categories" : [ "Chicken", "Mustard", "Poultry", "Kid-Friendly", "Quick & Easy", "Dinner", "Condiment", "Summer", "Grill/Barbecue", "Maple Syrup", "Bon Appétit", "Dairy Free", "Peanut Free", "Tree Nut Free", "Soy Free", "Kosher" ],
  "calories" : 1007.0,
  "desc" : "Traditional accompaniments like coleslaw, baked beans and brown bread are ideal with the Vermont-style chicken; afterward, enjoy gingersnap cookies crumbled over vanilla ice cream or frozen yogurt.",
  "protein" : 63.0,
  "rating" : 3.75,
  "title" : "Green Mountain Maple Barbecued Chicken ",
  "ingredients" : [ "3 tablespoons pure maple syrup", "3 tablespoons bottled chili sauce", "1 tablespoon cider vinegar", "2 teaspoons country-style Dijon mustard", "4 skinless boneless chicken thighs", "1 tablespoon vegetable oil" ],
  "sodium" : 713.0
}