{
  "recipeId" : 497,
  "directions" : [ "Cook pasta in large pot of boiling salted water until just tender but still firm to bite. Drain. Rinse under cold water; drain well. Transfer to large bowl.", "Whisk oil and vinegar in small bowl to blend. Pour over pasta and toss to coat. Add tomatoes, artichokes, green onions, and basil; toss to coat. Season generously with salt and pepper. Cover and refrigerate pasta salad at least 2 hours. (Can be made 1 day ahead. Keep refrigerated.)", "Mix goat cheese into salad. Serve cold or at room temperature." ],
  "fat" : 26.0,
  "date" : "2004-08-20T04:00:00.000Z",
  "categories" : [ "Salad", "Pasta", "Tomato", "Side", "Picnic", "Vegetarian", "Lunch", "Buffet", "Goat Cheese", "Basil", "Artichoke", "Summer", "Chill", "Healthy", "Bon Appétit", "Pescatarian", "Peanut Free", "Tree Nut Free", "Soy Free", "No Sugar Added", "Kosher" ],
  "calories" : 487.0,
  "desc" : "Typical Provençal ingredients give this satisfying pasta salad a French accent. Refrigerate this at least two hours before serving.",
  "protein" : 14.0,
  "rating" : 3.75,
  "title" : "Cavatelli Salad with Artichokes and Goat Cheese ",
  "ingredients" : [ "1 pound cavatelli pasta or medium shell pasta", "3/4 cup extra-virgin olive oil", "1/4 cup red wine vinegar", "1 1/2 pounds tomatoes, seeded, coarsely chopped", "2 6-ounce jars marinated artichoke hearts, drained, coarsely chopped", "4 large green onions, sliced (about 1 1/2 cups)", "6 tablespoons chopped fresh basil", "6 ounces soft fresh goat cheese, crumbled (about 1 1/4 cups)" ],
  "sodium" : 148.0
}