{
  "recipeId" : 189,
  "directions" : [ "Brush both sides of nori with sesame oil. Sprinkle nori lightly with salt. Grill nori until edges begin to curl, about 5 seconds per side. Pile sheets on work surface. Using scissors, cut nori lengthwise in half. Cut each half crosswise into 4 rectangles." ],
  "fat" : null,
  "date" : "2007-04-25T22:50:17.000Z",
  "categories" : [ "Backyard BBQ", "Grill/Barbecue", "Bon Appétit" ],
  "calories" : null,
  "desc" : null,
  "protein" : null,
  "rating" : 5.0,
  "title" : "Seasoned Nori Wrappers ",
  "ingredients" : [ "4 sheets nori (dried seaweed sheets)", "2 teaspoons (about) Asian sesame oil", "Coarse kosher salt" ],
  "sodium" : null
}