{
  "recipeId" : 450,
  "directions" : [ "Finely chop spinach, arugula, and shallot in processor. Add sour cream and mustard; process just until blended. Transfer to medium bowl. (Can be prepared 6 hours ahead. Cover and refrigerate.) Stir cucumber into sour cream mixture. Season to taste with salt and pepper." ],
  "fat" : 9.0,
  "date" : "2004-08-20T04:00:00.000Z",
  "categories" : [ "Condiment/Spread", "Sauce", "No-Cook", "Low Carb", "Quick & Easy", "Cucumber", "Arugula", "Spinach", "Sour Cream", "Bon Appétit" ],
  "calories" : 100.0,
  "desc" : "This recipe is an accompaniment for Roasted Salmon with Cucumber Sour Cream .",
  "protein" : 2.0,
  "rating" : 3.75,
  "title" : "Cucumber Sour Cream ",
  "ingredients" : [ "1 cup (packed) baby spinach leaves", "1 cup (packed) arugula leaves", "1/2 shallot", "3/4 cup sour cream", "3 tablespoons whole grain Dijon mustard", "1/2 cup chopped seeded peeled cucumber" ],
  "sodium" : 153.0
}