{
  "recipeId" : 62,
  "directions" : [ "Melt butter in heavy large skillet over medium-high heat. Add all chilies; sauté until beginning to soften, about 8 minutes. Stir in 1 package corn and green onions. Transfer to very large bowl. Mix in cilantro. Coarsely crumble corn bread into vegetable mixture; toss to blend.", "Blend second package of corn, eggs, sugar, salt, and pepper in processor to coarse puree. Stir mixture into stuffing.", "Loosely fill neck and main cavities of turkey with stuffing. Add enough broth to remaining stuffing to moisten slightly (1/4 to 3/4 cup, depending on amount of remaining stuffing). Generously butter baking dish. Spoon remaining stuffing into prepared dish. Cover with buttered foil, buttered side down. Bake stuffing in dish along side turkey until heated through, about 25 minutes. Uncover stuffing. Bake until top of stuffing is slightly crisp and golden, about 15 minutes longer.", "Preheat oven to 350°F. Generously butter 13x9x2-inch glass baking dish, depending on recipe. Transfer stuffing to prepared dish. Cover with buttered foil, buttered side down. Bake until heated through, about 40 minutes. Uncover and bake until top is slightly crisp and golden, about 20 minutes longer.", "Available at Latin American markets and many supermarkets." ],
  "fat" : 15.0,
  "date" : "2004-08-20T04:00:00.000Z",
  "categories" : [ "Side", "Bake", "Thanksgiving", "Corn", "Hot Pepper", "Fall", "Jalapeño", "Bon Appétit", "Vegetarian", "Pescatarian", "Wheat/Gluten-Free", "Peanut Free", "Tree Nut Free", "Soy Free", "Kosher" ],
  "calories" : 293.0,
  "desc" : "For best results, make this stuffing with day-old Buttermilk Corn Bread.",
  "protein" : 7.0,
  "rating" : 5.0,
  "title" : "Southwest Corn Bread Stuffing with Corn and Green Chilies ",
  "ingredients" : [ "10 tablespoons unsalted butter", "1 1/4 cups chopped seeded fresh Anaheim chilies* (8 ounces)", "1 1/4 cups chopped seeded fresh poblano chilies * (8 ounces)", "3 large jalapeño chilies, seeded, chopped", "2 1-pound packages frozen petite yellow corn kernels, thawed", "1 1/4 cups chopped green onions", "2/3 cup chopped fresh cilantro", "Buttermilk Corn Bread , 1 day old", "4 large eggs", "1/4 cup sugar", "2 1/4 teaspoons salt", "1/2 teaspoon ground black pepper" ],
  "sodium" : 565.0
}