{
  "recipeId" : 172,
  "directions" : [ "Cover eggs with cold water in a medium saucepan. Cook eggs, uncovered, at a gentle boil 10 minutes. Pour off hot water. Shake pan gently so eggs bump one another (to crack shells). Run cold water into pan to stop cooking. Let eggs stand in cold water 15 minutes, adding more water to keep cold.", "Mince and mash garlic to a paste with a pinch of salt. Whisk together with mayonnaise, lemon juice, zest, mustard, 1/2 teaspoon salt, and 1/4 teaspoon pepper.", "Chop eggs and stir into dressing with fennel and fronds." ],
  "fat" : 21.0,
  "date" : "2008-11-20T04:00:00.000Z",
  "categories" : [ "Egg", "Side", "Hanukkah", "Quick & Easy", "Back to School", "Dinner", "Lemon", "Fennel", "Boil", "Gourmet", "Sugar Conscious", "Kidney Friendly", "Vegetarian", "Pescatarian", "Paleo", "Dairy Free", "Wheat/Gluten-Free", "Peanut Free", "Tree Nut Free", "Soy Free", "Kosher" ],
  "calories" : 237.0,
  "desc" : "Sprightly bits of lemon zest and garlic punctuate this creamy mayonnaise-based egg salad. In place of the usual celery and onion, fennel lends an aromatic crunch.",
  "protein" : 9.0,
  "rating" : 4.375,
  "title" : "Egg Salad with Lemon and Fennel ",
  "ingredients" : [ "8 large eggs", "1 garlic clove", "1/2 cup mayonnaise", "1 tablespoon fresh lemon juice", "1 teaspoon grated lemon zest", "1 teaspoon Dijon mustard", "1/2 fennel bulb, finely chopped (1 cup), plus 1 tablespoon finely chopped fronds" ],
  "sodium" : 226.0
}