{
  "recipeId" : 156,
  "directions" : [ "In medium heavy saucepan over very low heat, combine oil, lemon peel, lemon thyme, and lemongrass. Cook, uncovered, until aromatic, about 1 hour. Do not let oil boil. Remove from heat and cool to room temperature. Strain through fine-mesh sieve into medium heatproof container and refrigerate until cool, about 1 hour. (Oil can be refrigerated, in airtight container, up to 5 days).", "In medium bowl, whisk together lemon juice, mustard, salt, and pepper. Slowly whisk in 1/4 cup lemon oil, then olive oil. (Vinaigrette can be made up to 3 hours ahead and chilled, covered. Bring to room temperature and stir before serving.)" ],
  "fat" : 68.0,
  "date" : "2007-05-30T15:36:55.000Z",
  "categories" : [ "Citrus", "Herb", "Mustard", "Vegetarian", "Salad Dressing" ],
  "calories" : 614.0,
  "desc" : "This recipe was created by chef Dan Barber of Blue Hill restaurant in New York City and Blue Hill at Stone Barns in Pocantico Hills, New York. It's part of a special menu he created for Epicurious's Wine.Dine.Donate program and is used in his Summer Salad. The recipe makes more than enough lemon oil, but it stores well in the refrigerator and can be served with fish or used to flavor dips.",
  "protein" : 0.0,
  "rating" : 3.75,
  "title" : "Lemon Vinaigrette ",
  "ingredients" : [ "2 cups canola oil", "2 large (2- by 1/2-inch) strips lemon peel (from 1/2 medium lemon)", "10 sprigs lemon thyme, left whole", "1 stalk lemongrass, tough outer layers removed and bottom 4 inches roughly chopped", "1/4 cup freshly squeezed lemon juice (from 1 1/2 medium lemons)", "1/2 teaspoon Dijon mustard", "1/2 teaspoon sea salt", "1/4 teaspoon freshly ground black pepper", "1/2 cup extra-virgin olive oil" ],
  "sodium" : 124.0
}