{
  "recipeId" : 386,
  "directions" : [ "In a small pot, bring 3 ounces of water and jalapeño (including seeds) to a boil. Remove from heat and allow to steep 5 minutes. Strain and add agave. Stir to combine and let cool." ],
  "fat" : 0.0,
  "date" : "2014-07-14T04:00:00.000Z",
  "categories" : [ "Jalapeño" ],
  "calories" : 245.0,
  "desc" : null,
  "protein" : 0.0,
  "rating" : 0.0,
  "title" : "Jalapeño Agave ",
  "ingredients" : [ "1 medium jalapeño, chopped (scant 1/2 cup)", "6 ounces agave nectar" ],
  "sodium" : 0.0
}