{
  "recipeId" : 338,
  "directions" : [ "Combine vodka, lime juice, and triple sec in a cocktail shaker. Fill shaker with ice, cover, and shake vigorously until outside of shaker is very cold, about 20 seconds.", "Strain cocktail through a Hawthorne strainer or a slotted spoon into two 2-oz. shot glasses." ],
  "fat" : 0.0,
  "date" : "2016-05-01T19:08:00.000Z",
  "categories" : [ "Bon Appétit", "Cocktail", "Vodka", "Liqueur", "Lime Juice", "Party" ],
  "calories" : 101.0,
  "desc" : "The name says it all. Or does it? You're drinking vodka. Lots of it.",
  "protein" : 0.0,
  "rating" : 0.0,
  "title" : "Kamikaze ",
  "ingredients" : [ "2 ounces vodka", "3/4 ounce fresh lime juice", "3/4 ounce triple sec" ],
  "sodium" : 1.0
}