{
  "recipeId" : 286,
  "directions" : [ "Line baking sheet with foil. Stir sugar and 1 tablespoon water in small skillet over medium-low heat until sugar dissolves. Increase heat to medium-high; boil until syrup turns deep amber, occasionally swirling skillet and brushing down sides with wet pastry brush, about 5 minutes. Remove from heat; add salt and nuts. Stir to coat and transfer to prepared sheet. Cool.", "Stir mascarpone, cream, honey, and orange peel in small bowl. Coarsely chop brittle. Arrange figs on plate. Spoon 1 teaspoonful mascarpone mixture atop cut side of each fig; garnish with brittle." ],
  "fat" : null,
  "date" : "2010-09-09T04:00:00.000Z",
  "categories" : [ "Milk/Cream", "Dessert", "Quick & Easy", "High Fiber", "Orange", "Fig", "Pistachio", "Summer", "Honey", "Bon Appétit", "Vegetarian", "Pescatarian", "Wheat/Gluten-Free", "Peanut Free", "Soy Free", "Kosher" ],
  "calories" : null,
  "desc" : "Fresh figs should look plump and unbruised; ripe ones will give when pressed gently. Loosely covered and stored in a single layer, they'll keep for a few days in the fridge.",
  "protein" : null,
  "rating" : 4.375,
  "title" : "Figs with Honey-Orange Mascarpone and Pistachio Brittle ",
  "ingredients" : [ "1/4 cup sugar", "Pinch of coarse kosher salt", "1/4 cup unsalted pistachios, toasted", "1/2 cup mascarpone cheese", "2 tablespoons heavy whipping cream", "2 tablespoons orange blossom honey", "1 teaspoon finely grated orange peel", "12 fresh black Mission figs or other figs, stemmed, halved lengthwise" ],
  "sodium" : null
}