{
  "recipeId" : 218,
  "directions" : [ "Beat the egg with the sugar and salt and pour into a 10-ounce highball glass. Add vanilla and milk and stir to mix. Grate a little nutmeg on top." ],
  "fat" : 12.0,
  "date" : "2004-08-20T20:58:12.000Z",
  "categories" : [ "Milk/Cream", "Egg Nog", "Non-Alcoholic", "Egg", "Christmas", "Kid-Friendly", "Vanilla", "Nutmeg", "House & Garden", "Drink" ],
  "calories" : 264.0,
  "desc" : null,
  "protein" : 12.0,
  "rating" : 2.5,
  "title" : "Eggnog ",
  "ingredients" : [ "1 whole egg", "1 tablespoon superfine sugar", "Pinch salt", "1/4 teaspoon vanilla", "1 cup milk", "Nutmeg" ],
  "sodium" : 450.0
}