{
  "recipeId" : 395,
  "directions" : [ "Prepare barbecue (medium-high heat) or preheat broiler. Brush swordfish generously with olive oil and season with salt and pepper. Grill or broil until just cooked through, about 4 minutes per side. Transfer steaks to plate and cut into chunks. Serve swordfish with corn tortillas, lime wedges, cabbage, Pico de Gallo and sour cream, allowing guests to assemble their own tacos.", "Combine all ingredients in bowl. Season to taste with salt. (Can be prepared 6 hours ahead. Store at room temperature.)" ],
  "fat" : 21.0,
  "date" : "2004-08-20T04:00:00.000Z",
  "categories" : [ "Fish", "Tomato", "Jalapeño", "Bon Appétit", "Pasadena", "California" ],
  "calories" : 324.0,
  "desc" : "Besides the tacos, try the Pico de Gallo on scrambled eggs, grilled chicken or instead of sour cream on a baked potato.",
  "protein" : 24.0,
  "rating" : 4.375,
  "title" : "Swordfish Tacos ",
  "ingredients" : [ "1 pound 3/4-inch-thick swordfish steaks", "Olive oil", "Warm corn tortillas", "Lime wedges", "Thinly sliced cabbage", "2 large tomatoes, diced", "1 green onion bunch, thinly sliced", "2 jalapeño chilies, seeded, diced", "2 tablespoons olive oil", "1 tablespoon red wine vinegar", "Sour cream" ],
  "sodium" : 104.0
}