{
  "recipeId" : 102,
  "directions" : [ "Peel potato and cut into 1/4-inch dice. In a heavy kettle cook potato, parsnips, shallots, leek and parsley in butter over moderate heat, stirring, until leek is softened, about 12 minutes. Add broth and simmer, covered, 20 minutes, or until vegetables are very soft. In a blender purée mixture in batches and transfer to a large saucepan. Stir in cider or juice, cream, and salt and pepper to taste and cook over moderately high heat, stirring occasionally, until heated through. Keep soup warm.", "In a heavy saucepan heat 1 inch oil to 360°F. on a deep-fat thermometer and fry parsnip strips in batches until golden brown, transferring with a slotted spoon to paper towels to drain. Season fried parsnip with salt.", "Serve soup topped with fried parsnip." ],
  "fat" : 25.0,
  "date" : "2004-08-20T04:00:00.000Z",
  "categories" : [ "Soup/Stew", "Potato", "Appetizer", "Apple", "Leek", "Parsnip", "Fall", "Shallot", "Gourmet", "Wheat/Gluten-Free", "Peanut Free", "Tree Nut Free", "Soy Free" ],
  "calories" : 310.0,
  "desc" : "In addition to the fried parsnip the executive chef at Ashford Castle, Denis Lenihan, often adorns this soup with a poached carved apple.",
  "protein" : 3.0,
  "rating" : 4.375,
  "title" : "Parsnip and Apple Soup ",
  "ingredients" : [ "1 large boiling potato", "2 parsnips (about 1/2 pound), peeled and chopped fine", "3 shallots, chopped fine (about 1/4 cup)", "1 leek (white and pale green part only), trimmed, halved lengthwise, washed well, and chopped fine", "2 tablespoons chopped fresh parsley leaves", "1/2 stick (1/4 cup) unsalted butter", "2 to 2 1/2 cups chicken broth", "1 cup apple cider or juice", "1/2 cup heavy cream", "vegetable oil for deep-frying parsnip", "1 parsnip, peeled and cut into thin strips" ],
  "sodium" : 89.0
}