{
  "recipeId" : 319,
  "directions" : [ "Heat oil in heavy large skillet over medium-high heat. Add peppers; sauté until crisp-tender, about 4 minutes. Add green onions and sauté 2 minutes. Transfer vegetable mixture to bowl. Add cream and wine to same skillet and simmer until mixture thickens, about 3 minutes. Mix in cheese and all but 1 cup vegetable mixture. Simmer sauce 2 minutes to blend flavors; season with salt and pepper.", "Meanwhile, cook pasta in large pot of boiling salted water until just tender but still firm to bite, stirring occasionally. Drain, reserving 1/2 cup cooking liquid.", "Return pasta to pot. Add sauce and toss to coat over medium heat, adding reserved cooking liquid by tablespoonfuls to moisten, if desired. Mound pasta on plates. Garnish with reserved 1 cup vegetables. Sprinkle with pine nuts." ],
  "fat" : 88.0,
  "date" : "2004-08-20T04:00:00.000Z",
  "categories" : [ "Nut", "Pasta", "Pepper", "Sauté", "Vegetarian", "Pine Nut", "Bell Pepper", "Noodle", "Bon Appétit" ],
  "calories" : 1370.0,
  "desc" : "On a weekday, accompany this main course with breadsticks and marinated vegetables from the deli. Wrap up with grapes and cookies. For a festive occasion, start with an antipasto of olives and roasted vegetables, then serve an arugula, radicchio and toasted walnut salad dressed with lemon vinaigrette. Finish with an Italian fruit crostata.",
  "protein" : 31.0,
  "rating" : 3.75,
  "title" : "Linguine with Red Peppers, Green Onions and Pine Nuts ",
  "ingredients" : [ "1 tablespoon olive oil", "2 red bell peppers, cut into strips", "6 green onions, cut into thin strips", "2/3 cup whipping cream", "1/2 cup dry white wine", "1/4 cup grated Parmesan cheese", "9 ounces fresh linguine", "1/4 cup toasted pine nuts" ],
  "sodium" : 270.0
}