{
  "recipeId" : 100,
  "directions" : [ "Blanch tomatoes in large pot of boiling water 30 seconds. Drain. Refresh under cold running water. Peel tomatoes. Halve tomatoes crosswise. Working over small bowl, squeeze gently to extract seeds. Discard seeds. Transfer tomatoes to processor. Blend until coarsely pureed. Transfer tomatoes to large bowl. Stir in all remaining ingredients. Season gazpacho to taste with salt and pepper. Chill until cold, about 2 hours. (Can be made 1 day ahead. Cover and keep refrigerated.) Serve cold." ],
  "fat" : 7.0,
  "date" : "2004-08-20T04:00:00.000Z",
  "categories" : [ "Soup/Stew", "Tomato", "No-Cook", "Shrimp", "Cucumber", "Bell Pepper", "Summer", "Chill", "Bon Appétit" ],
  "calories" : 285.0,
  "desc" : null,
  "protein" : 19.0,
  "rating" : 4.375,
  "title" : "Shrimp Gazpacho ",
  "ingredients" : [ "6 large ripe tomatoes (about 2 pounds)", "1 large cucumber, peeled, seeded, diced (about 1 1/2 cups)", "1 green bell pepper, chopped", "1 red onion, chopped", "1 cup tomato juice", "1/2 cup bottled clam juice", "3 tablespoons red wine vinegar", "2 tablespoons olive oil", "2 tablespoons fresh lemon juice", "2 tablespoons chopped fresh basil", "2 tablespoons chopped fresh parsley", "2 1/2 teaspoons Old Bay seasoning", "8 ounces cooked shrimp, cut into 1/2-inch pieces" ],
  "sodium" : 635.0
}