{
  "recipeId" : 387,
  "directions" : [ "Preheat oven to 400°F. Arrange asparagus in single layer on large baking sheet. Drizzle with 1 tablespoon olive oil and sprinkle with salt and pepper. Toss to coat. Roast 30 minutes, turning once. Let cool 5 minutes.", "Meanwhile, whisk remaining 1/3 cup olive oil, vinegar, honey and garlic in small bowl to blend. Place greens in large bowl. Add vinaigrette to greens and toss to coat. Mound salad on each of 8 plates. Top with diced apple and cheese, dividing equally. Arrange asparagus on top." ],
  "fat" : 11.0,
  "date" : "2004-08-20T04:00:00.000Z",
  "categories" : [ "Salad", "Cheese", "Leafy Green", "Appetizer", "Roast", "Quick & Easy", "Apple", "Asparagus", "Summer", "Bon Appétit", "New York", "Kidney Friendly", "Vegetarian", "Pescatarian", "Wheat/Gluten-Free", "Peanut Free", "Tree Nut Free", "Soy Free", "Kosher" ],
  "calories" : 140.0,
  "desc" : "\"One evening my husband made fantastic asparagus roasted with olive oil,\" says Anne Graziano of New York, New York. \"It prompted me to create this salad that features the asparagus, as well as Gruy\nre cheese, apple and fresh greens.\"",
  "protein" : 1.0,
  "rating" : 4.375,
  "title" : "Mixed Greens with Roasted Asparagus and Apple ",
  "ingredients" : [ "24 thin asparagus stalks, ends trimmed", "1 tablespoon plus 1/3 cup olive oil", "1/4 cup rice vinegar", "2 tablespoons honey", "1 garlic clove, minced", "2 5-ounce packages mixed baby greens", "1 Golden Delicious apple, quartered, cored, diced", "4 ounces Gruyère cheese, cut into thin ribbons with vegetable peeler" ],
  "sodium" : 18.0
}