{
  "recipeId" : 171,
  "directions" : [ "Mix tomatoes and sugar in a large wide shallow pot. Let stand at room temperature for 10 minutes. Bring to a boil over medium-high heat, occasionally stirring gently. Boil, stirring often, for 15 minutes. Stir in salt, pepper, and paprika. Cook until thickened and reduced to 2 cups, about 10 minutes. Ladle into a clean, hot 1-pint jar. Wipe rim, seal, and process in a boiling water bath for 10 minutes." ],
  "fat" : null,
  "date" : "2011-07-11T04:00:00.000Z",
  "categories" : [ "Condiment/Spread", "Sauce", "Tomato", "Vegetarian", "Backyard BBQ", "Summer", "Vegan", "Boil", "Paprika", "Bon Appétit" ],
  "calories" : null,
  "desc" : "Pair this bespoke ketchup with Grilled Rosemary Chicken .",
  "protein" : null,
  "rating" : 3.75,
  "title" : "Tomato Jam ",
  "ingredients" : [ "4 pounds plum tomatoes, peeled, halved crosswise, seeded, chopped", "1 1/4 cups sugar", "1 teaspoon salt", "1/4 teaspoon freshly ground black pepper", "1/8 teaspoon smoked paprika", "Smoked paprika is available at better supermarkets, at specialty foods stores, and from latienda.com" ],
  "sodium" : null
}