{
  "recipeId" : 342,
  "directions" : [ "1. Place the roughly chopped bread in the food processor and pulse for about 30 seconds to chop a little more finely.", "2. Add the remaining ingredients to the food processor and pulse until smooth." ],
  "fat" : 19.0,
  "date" : "2015-07-28T04:00:00.000Z",
  "categories" : [ "Condiment/Spread", "Kid-Friendly", "Quick & Easy", "Almond", "Bell Pepper", "Weelicious" ],
  "calories" : 241.0,
  "desc" : null,
  "protein" : 7.0,
  "rating" : 0.0,
  "title" : "Roasted Red Pepper Almond Dip ",
  "ingredients" : [ "1/2 inch thick slice crusty bread (about 1/2 cup roughly chopped)", "2 roasted red bell peppers, or 1 (12-ounce) jar", "1 cup toasted slivered almonds", "1/4 cup parsley leaves", "2 garlic cloves", "2 tablespoons extra virgin olive oil", "1 tablespoons red wine vinegar", "1/2 teaspoon smoked paprika", "1/2 teaspoon kosher salt" ],
  "sodium" : 280.0
}