{
  "recipeId" : 145,
  "directions" : [ "Heat oil in heavy large skillet over high heat. Add ginger and garlic; sauté 20 seconds. Add bell pepper and mushrooms; sauté until pepper is crisp-tender, about 3 minutes. Add green onions and bok choy and sauté until just wilted, about 2 minutes. Season with salt and pepper." ],
  "fat" : 4.0,
  "date" : "2004-08-20T04:00:00.000Z",
  "categories" : [ "Ginger", "Mushroom", "Side", "Sauté", "Vegetarian", "Quick & Easy", "Bell Pepper", "Healthy", "Vegan", "Bok Choy", "Sesame", "Bon Appétit", "Sugar Conscious", "Pescatarian", "Paleo", "Dairy Free", "Wheat/Gluten-Free", "Peanut Free", "Tree Nut Free", "Soy Free", "No Sugar Added", "Kosher" ],
  "calories" : 67.0,
  "desc" : null,
  "protein" : 2.0,
  "rating" : 3.75,
  "title" : "Thai Vegetables ",
  "ingredients" : [ "1 tablespoon oriental sesame oil", "2 teaspoons minced peeled fresh ginger", "1 large garlic clove, minced", "1 red bell pepper, cut lengthwise into thin strips", "6 ounces shiitake mushrooms, stemmed, thinly sliced", "3 large green onions, thinly sliced on sharp diagonal", "3 cups thinly sliced bok choy (from 1 bunch; green leaf tops only)" ],
  "sodium" : 66.0
}