{
  "recipeId" : 281,
  "directions" : [ "Start with plenty of melted butter. Use a large grill for the filets, lobster tails and crab legs. The skewers of shrimp and scallops can broil right on the regular grill. Dip the filets in melted butter and then in sesame seeds. Brush the lobster tails and the crab legs well with butter. Clean the shrimp as for Broiled Shrimp Appetizer and alternate them on skewers with the scallops. Brush these well with butter.", "The filets and lobster tails will take about 7-8 minutes, so start them first. Allow 5-6 minutes for the skewered shrimp and scallops and about 5 minutes for the crab legs. These only need to heat through. Brush everything liberally with butter during the cooking process, and sprinkle additional sesame seeds on the filets. Season to taste with salt and pepper and serve on hot plates, with small bowls of melted butter, lemon wedges and dill sauce ." ],
  "fat" : 2.0,
  "date" : "2004-08-20T04:00:00.000Z",
  "categories" : [ "Fish", "Low/No Sugar", "Backyard BBQ", "Crab", "Lobster", "Shrimp", "Summer", "Grill", "Grill/Barbecue", "House & Garden" ],
  "calories" : 209.0,
  "desc" : null,
  "protein" : 45.0,
  "rating" : 4.375,
  "title" : "Fish Mixed Grill ",
  "ingredients" : [ "1 filet of sole or haddock (or frozen filet)", "1 rock lobster tail (cut the soft part of the shell away with scissors to expose the meat)", "1 skewer with 3-4 shrimp alternated with scallops", "1 King crab leg" ],
  "sodium" : 1301.0
}