{
  "recipeId" : 266,
  "directions" : [ "In food processor, purée dates until smooth. Add bananas, raisins, wine, and date syrup and process to combine. Add walnuts, pistachios, almonds, cinnamon, allspice, ginger, nutmeg, and cloves and process until smooth. Store, covered, at room temperature until ready to serve." ],
  "fat" : 6.0,
  "date" : "2006-03-01T04:00:00.000Z",
  "categories" : [ "Food Processor", "Fruit", "Nut", "No-Cook", "Passover", "Raisin", "Date", "Banana", "Red Wine", "Kosher", "Honey" ],
  "calories" : 280.0,
  "desc" : "This fusion of many Sephardic recipes makes an extremely realistic \"mortar.\" The nuts and spices can be varied to suit individual tastes.",
  "protein" : 4.0,
  "rating" : 3.75,
  "title" : "Sephardic Charoset ",
  "ingredients" : [ "20 pitted dates, preferably Medjool", "3 bananas", "1/2 cup golden raisins", "1/4 cup sweet red wine such as Manischewitz Extra Heavy Malaga", "3 tablespoons date syrup (silan) or honey", "1/2 cup walnut halves, toasted", "1/2 cup unsalted shelled pistachio nuts (not dyed red), toasted", "1/2 cup whole almonds, toasted", "1 1/2 teaspoons ground cinnamon", "1 teaspoon ground allspice", "1/2 teaspoon ground ginger", "1 teaspoon ground nutmeg", "1 teaspoon ground cloves" ],
  "sodium" : 4.0
}