{
  "recipeId" : 369,
  "directions" : [ "Preheat oven to 400°F. Butter rimmed baking sheet. Roll out crust on floured surface to thin 16-inch square. Spread all of preserves over pastry, leaving 1-inch plain border. Sprinkle dried fruit and nuts evenly over preserves. Sprinkle with cinnamon. Fold about 1 inch of each pastry side over filling. Starting at bottom, roll up pastry jelly-roll style, enclosing filling. Using large spatula, transfer strudel to prepared baking sheet, seam side down. Bake strudel until golden, about 35 minutes. Cool completely. Cut strudel into 1-inch slices." ],
  "fat" : 7.0,
  "date" : "2004-08-20T04:00:00.000Z",
  "categories" : [ "Nut", "Dessert", "Dried Fruit", "Apricot", "Jam or Jelly", "Bon Appétit", "Pittsburgh", "Pennsylvania", "Peanut Free", "Soy Free" ],
  "calories" : 261.0,
  "desc" : "Diane Ives of Pittsburgh, Pennsylvania, writes: \"As an epidemiologist who works with older people, I make diet and exercise an important part of my life. I try to eat as healthfully as I can during the workweek, and I stay away from processed foods — I'd rather have something simple and fresh anyway. But on the weekends, when my husband and I entertain, I love to splurge and make desserts. Since they are the first thing people remember about a great dinner, they are definitely worth the effort. The dried-fruit strudel here is a family recipe I learned from my grandfather, but I've simplified it so it can be made quickly with purchased pie crust.\"",
  "protein" : 2.0,
  "rating" : 3.75,
  "title" : "Dried-Fruit Strudel with Apricot Preserves ",
  "ingredients" : [ "1 refrigerated pie crust (half of 15-ounce package), room temperature", "1/2 cup apricot preserves", "1/4 cup raisins", "1/4 cup dried cranberries", "1/4 cup chopped pitted dates", "1/4 cup chopped walnuts", "1/4 teaspoon ground cinnamon" ],
  "sodium" : 54.0
}