{
  "recipeId" : 0,
  "directions" : [ "1. Place the stock, lentils, celery, carrot, thyme, and salt in a medium saucepan and bring to a boil. Reduce heat to low and simmer until the lentils are tender, about 30 minutes, depending on the lentils. (If they begin to dry out, add water as needed.) Remove and discard the thyme. Drain and transfer the mixture to a bowl; let cool.", "2. Fold in the tomato, apple, lemon juice, and olive oil. Season with the pepper.", "3. To assemble a wrap, place 1 lavash sheet on a clean work surface. Spread some of the lentil mixture on the end nearest you, leaving a 1-inch border. Top with several slices of turkey, then some of the lettuce. Roll up the lavash, slice crosswise, and serve. If using tortillas, spread the lentils in the center, top with the turkey and lettuce, and fold up the bottom, left side, and right side before rolling away from you." ],
  "fat" : 7.0,
  "date" : "2006-09-01T04:00:00.000Z",
  "categories" : [ "Sandwich", "Bean", "Fruit", "Tomato", "turkey", "Vegetable", "Kid-Friendly", "Apple", "Lentil", "Lettuce", "Cookie" ],
  "calories" : 426.0,
  "desc" : null,
  "protein" : 30.0,
  "rating" : 2.5,
  "title" : "Lentil, Apple, and Turkey Wrap ",
  "ingredients" : [ "4 cups low-sodium vegetable or chicken stock", "1 cup dried brown lentils", "1/2 cup dried French green lentils", "2 stalks celery, chopped", "1 large carrot, peeled and chopped", "1 sprig fresh thyme", "1 teaspoon kosher salt", "1 medium tomato, cored, seeded, and diced", "1 small Fuji apple, cored and diced", "1 tablespoon freshly squeezed lemon juice", "2 teaspoons extra-virgin olive oil", "Freshly ground black pepper to taste", "3 sheets whole-wheat lavash, cut in half crosswise, or 6 (12-inch) flour tortillas", "3/4 pound turkey breast, thinly sliced", "1/2 head Bibb lettuce" ],
  "sodium" : 559.0
}