{
  "recipeId" : 48,
  "directions" : [ "Heat oil in heavy large pot over medium heat. Add garlic and stir 20 seconds. Add chicken and oregano to pot; sprinkle with salt and pepper. Sauté 3 minutes. Add broth and lime juice and bring to simmer. Reduce heat to medium-low and simmer gently until chicken is cooked through, about 8 minutes. Season soup to taste with salt and pepper.", "Divide crushed tortilla chips among 6 bowls. Ladle soup into bowls. Top soup with avocados, tomatoes, green onions, cilantro and jalapeños. Garnish with lime slices and serve." ],
  "fat" : 21.0,
  "date" : "2004-08-20T04:00:00.000Z",
  "categories" : [ "Soup/Stew", "Chicken", "Garlic", "Tomato", "Sauté", "Quick & Easy", "Lime", "Avocado", "Jalapeño", "Cilantro", "Simmer", "Bon Appétit" ],
  "calories" : 338.0,
  "desc" : "A homey yet sophisticated soup that's great for casual entertaining.",
  "protein" : 14.0,
  "rating" : 4.375,
  "title" : "Mexican Lime Soup ",
  "ingredients" : [ "2 tablespoons olive oil", "6 garlic cloves, sliced", "6 small skinless boneless chicken breast halves, cut crosswise into 1/2-inch-wide strips", "1 1/2 teaspoons dried oregano", "9 cups canned low-salt chicken broth", "1/3 cup fresh lime juice", "1 1/2 cups coarsely crushed tortilla chips", "2 avocados, peeled, pitted, diced", "3 tomatoes, chopped", "3 green onions, sliced", "Chopped fresh cilantro", "Minced jalapeño chilies", "Lime slices" ],
  "sodium" : 174.0
}