{
  "recipeId" : 321,
  "directions" : [ "Halve eggs lengthwise and carefully remove yolks. Purée yolks, goat cheese, milk, mustard, pepper, and salt in a food processor until smooth. Add dill and pulse until finely chopped.", "Spoon (or pipe using a pastry bag) goat cheese mixture into egg whites." ],
  "fat" : 4.0,
  "date" : "2005-05-17T18:49:35.000Z",
  "categories" : [ "Egg", "Herb", "Cocktail Party", "Picnic", "Quick & Easy", "Goat Cheese", "Shower", "Party", "Dill", "Gourmet" ],
  "calories" : 54.0,
  "desc" : null,
  "protein" : 4.0,
  "rating" : 3.125,
  "title" : "Stuffed Eggs with Goat Cheese and Dill ",
  "ingredients" : [ "6 hard-boiled large eggs", "2 1/2 oz fresh mild goat cheese (1/3 cup) at room temperature", "3 tablespoons milk", "3/4 teaspoon Dijon mustard", "1/4 teaspoon coarsely ground black pepper", "1/8 teaspoon salt", "2 1/2 tablespoons chopped fresh dill" ],
  "sodium" : 92.0
}