{
  "recipeId" : 339,
  "directions" : [ "Bring water to boil in small saucepan. Stir in salt and rice; bring to boil. Cover, reduce heat to low, and simmer until water is absorbed and rice is tender, about 17 minutes. Remove pan from heat." ],
  "fat" : 0.0,
  "date" : "2007-04-25T22:53:16.000Z",
  "categories" : [ "Rice", "Side", "Vegetarian", "Vegan", "Bon Appétit", "Fat Free", "Sugar Conscious", "Low Sugar", "Kidney Friendly", "Pescatarian", "Dairy Free", "Wheat/Gluten-Free", "Peanut Free", "Tree Nut Free", "Soy Free", "No Sugar Added", "Kosher" ],
  "calories" : 176.0,
  "desc" : "Short-grain rice has an especially high starch content, which makes it sticky — and easy to press into a lettuce or nori wrapper.",
  "protein" : 3.0,
  "rating" : 2.5,
  "title" : "Sticky Rice ",
  "ingredients" : [ "3 cups water", "1 teaspoon salt", "1 1/2 cups short-grain rice (such as sushi rice)" ],
  "sodium" : 393.0
}