{
  "recipeId" : 402,
  "directions" : [ "Pass first 5 ingredients through a juicer. Strain through a fine-mesh sieve into a large bowl. Stir in lemon juice. Pour into glasses." ],
  "fat" : null,
  "date" : "2011-07-11T04:00:00.000Z",
  "categories" : [ "Non-Alcoholic", "Ginger", "Breakfast", "Brunch", "Low Fat", "Vegetarian", "Quick & Easy", "Wheat/Gluten-Free", "Apple", "Beet", "Carrot", "Summer", "Shower", "Healthy", "Vegan", "Bon Appétit", "Drink", "Pescatarian", "Dairy Free", "Peanut Free", "Tree Nut Free", "Soy Free", "No Sugar Added", "Kosher" ],
  "calories" : null,
  "desc" : "For the best results, chill the produce first.",
  "protein" : null,
  "rating" : 4.375,
  "title" : "Beet, Carrot, and Apple Juice with Ginger ",
  "ingredients" : [ "2 pounds beets (about 6 medium), trimmed, peeled, cut into 1\" pieces", "1 pound carrots (about 4 large), trimmed, peeled, cut into 1\" pieces", "1 Gala or Empire apple (about 8 ounces), cored, cut into 1\" pieces", "1 Granny smith apple (about 8 ounces), cored, cut into 1\" pieces", "1 3\" piece fresh ginger, peeled, chopped into 1\" pieces", "3 tablespoons fresh lemon juice" ],
  "sodium" : null
}