{
  "recipeId" : 207,
  "directions" : [ "Prepare barbecue (medium-high heat). Rub bread with cut garlic halves; brush bread with 3 tablespoons oil. Combine remaining 1/3 cup oil, currant tomatoes, and green onions in medium bowl; toss to coat. Season with salt and pepper.", "Overlap tomato slices in concentric circles on platter, alternating colors. Scatter onion and celery slices over tomatoes. Sprinkle with salt and pepper. Spoon tomato and green onion mixture over. Sprinkle with crumbled cheese.", "Grill bread until golden, about 2 minutes per side. Cut each slice diagonally in half; serve with salad." ],
  "fat" : 30.0,
  "date" : "2004-08-20T04:00:00.000Z",
  "categories" : [ "Salad", "Cheese", "Tomato", "Appetizer", "Vegetarian", "Quick & Easy", "Blue Cheese", "Summer", "Grill/Barbecue", "Bon Appétit", "Pescatarian", "Peanut Free", "Tree Nut Free", "Soy Free", "Kosher" ],
  "calories" : 514.0,
  "desc" : null,
  "protein" : 15.0,
  "rating" : 4.375,
  "title" : "Heirloom Tomato Salad with Blue Cheese ",
  "ingredients" : [ "8 1/2-inch-thick slices crusty bread", "4 large garlic cloves, halved", "3 tablespoons plus 1/3 cup extra-virgin olive oil", "1 cup currant or grape tomatoes or halved cherry or pear tomatoes", "1/2 cup chopped green onions", "10 medium heirloom tomatoes of assorted colors, cored, thinly sliced", "1 small red onion, sliced paper-thin", "3 celery stalks, sliced thin on diagonal", "1 1/2 cups coarsely crumbled blue cheese" ],
  "sodium" : 618.0
}