{
  "recipeId" : 91,
  "directions" : [ "Prepare barbecue (medium-high heat). Combine first 7 ingredients in small bowl; mix in 1 1/2 tablespoons oil. Season salsa with salt and pepper. Brush salmon with remaining 1/2 tablespoon oil. Grill until just opaque in center, about 5 minutes per side. Serve with salsa." ],
  "fat" : 37.0,
  "date" : "2004-08-20T04:00:00.000Z",
  "categories" : [ "Citrus", "Fish", "Fruit", "Backyard BBQ", "Dinner", "Lime", "Tropical Fruit", "Mango", "Salmon", "Hot Pepper", "Summer", "Grill/Barbecue", "Healthy", "Party", "Bon Appétit", "Pescatarian", "Paleo", "Dairy Free", "Wheat/Gluten-Free", "Peanut Free", "Tree Nut Free", "Soy Free", "No Sugar Added" ],
  "calories" : 571.0,
  "desc" : "In Tucson, chef-owner Janos Wilder offers cumin-flavored rice pilaf and grilled zucchini with the fish. Flan is a good finale.",
  "protein" : 36.0,
  "rating" : 4.375,
  "title" : "Salmon with Chili-Mango Salsa ",
  "ingredients" : [ "1 10-ounce mango, peeled, pitted, diced", "1/4 cup chopped fresh cilantro", "1/4 cup chopped red onion", "1 tablespoon fresh lime juice", "2 teaspoons minced seeded serrano chili", "1 teaspoon grated lime peel", "1 garlic clove, finely chopped", "2 tablespoons olive oil", "2 6-ounce salmon fillets" ],
  "sodium" : 106.0
}