{
  "recipeId" : 378,
  "directions" : [ "Preheat oven to 350°F. Coat two 9-inch-diameter cake pans with 1 1/2-inch-high sides with nonstick spray; line bottom of pans with parchment paper rounds.", "Mix flour and coconut in medium bowl. Whisk buttermilk and baking soda in small bowl. Using electric mixer, beat sugar and butter in large bowl until light and fluffy, about 2 minutes. Add egg yolks and beat to blend. Add flour mixture in 3 additions alternately with buttermilk mixture in 2 additions, beating just to blend after each addition. Using clean dry beaters, beat egg whites and 1/4 teaspoon salt in another large bowl until peaks form. Add 1/3 of egg white mixture to batter; fold into batter just to blend. Fold in remaining egg white mixture in 2 additions. Divide batter between pans.", "Bake cakes until tester inserted into center comes out clean, about 35 minutes. Cool cakes in pans on racks 10 minutes. Run small sharp knife around sides of cake pans. Invert cakes onto racks. Carefully peel off parchment. Cool cakes completely.", "Using electric mixer, beat sugar, cream cheese, butter, and vanilla in large bowl until blended. Place 1 cake layer, flat side up, on plate. Spread with 1 cup frosting. Place second layer, flat side up, atop frosting. Spread remaining frosting over top and sides of cake. Sprinkle some of coconut over top of cake; pat more coconut on sides of cake. DO AHEAD: can be made 1 day ahead. Cover with cake dome and refrigerate. Let stand at room temperature 1 hour before serving." ],
  "fat" : 44.0,
  "date" : "2011-02-10T04:00:00.000Z",
  "categories" : [ "Cake", "Mixer", "Dessert", "Bake", "Cream Cheese", "Coconut", "Birthday", "Party", "Butter", "Buttermilk", "Bon Appétit", "Kidney Friendly", "Vegetarian", "Pescatarian", "Peanut Free", "Tree Nut Free", "Soy Free", "Kosher" ],
  "calories" : 860.0,
  "desc" : "Room temperature ingredients make all the difference in this cake. You can get more loft from non-chilled egg whites, and room-temperature butter is easier to cream (beat together) with sugar than the straight- from-the-fridge stuff. The fluffy egg whites and properly creamed butter and sugar mean tender, light cake. And room-temp butter and cream cheese will translate to creamy, smooth frosting instead of a sticky mess filled with lumps.",
  "protein" : 8.0,
  "rating" : 5.0,
  "title" : "Classic Coconut Cake ",
  "ingredients" : [ "Nonstick vegetable oil spray", "2 cups all purpose flour", "1 1/3 cups (loosely packed) sweetened flaked coconut", "1 cup buttermilk", "1 teaspoon baking soda", "2 cups sugar", "1 cup (2 sticks) unsalted butter, room temperature", "5 large egg yolks", "4 large egg whites, room temperature", "3 1/3 cups powdered sugar", "1 8-ounce package philadelphia-brand cream cheese, room temperature", "1/2 cup (1 stick) unsalted butter, room temperature", "2 teaspoons vanilla extract", "1 cup (about) sweetened flaked coconut" ],
  "sodium" : 343.0
}