{
  "recipeId" : 67,
  "directions" : [ "Combine the vinegar, garlic, mustard, and oregano in a small bowl. Add the olive oil in a slow, steady stream while whisking constantly until all the oil is incorporated. Season with salt and pepper and refrigerate in an airtight container until ready to use or up to 1 week." ],
  "fat" : 20.0,
  "date" : "2004-08-20T04:00:00.000Z",
  "categories" : [ "Condiment/Spread", "Garlic", "Mustard", "No-Cook", "Quick & Easy", "Salad Dressing", "Vinegar", "Summer", "Chill", "Oregano" ],
  "calories" : 185.0,
  "desc" : "This vinaigrette is great on any type of mixed green, pasta, or marinated vegetable salads.",
  "protein" : 0.0,
  "rating" : 3.75,
  "title" : "Italian Vinaigrette ",
  "ingredients" : [ "1/4 cup red wine vinegar", "3 garlic cloves, minced", "1 teaspoon Dijon mustard", "2 tablespoons chopped fresh oregano or 2 teaspoons dried oregano", "3/4 cup extra-virgin olive oil", "Salt and freshly ground black pepper to taste", "N/A freshly ground black pepper" ],
  "sodium" : 155.0
}