{
  "recipeId" : 412,
  "directions" : [ "Stir all the ingredients over ice, then strain into a double rocks glass over 1 large ice cube. Garnish with the lemon and orange twists." ],
  "fat" : 0.0,
  "date" : "2014-10-08T04:00:00.000Z",
  "categories" : [ "Bitters", "Alcoholic", "Cocktail Party", "Cocktail", "Rye", "Drink" ],
  "calories" : 88.0,
  "desc" : "This is a tiki drink disguised as an old-fashioned, so it's no surprise that it comes from Brian Miller, Death & Co's resident scalawag and expert on all things Polynesian. One night a waitress asked Brian to make something stirred and boozy, so he took one of tiki's core principles—blending several base spirits to create a new flavor profile—and applied it to whiskey and brandy. It was another breakthrough moment for the bar, and these days it's not unusual to find two or more base spirits in our drinks.",
  "protein" : 1.0,
  "rating" : 0.0,
  "title" : "Conference ",
  "ingredients" : [ "1/2 ounce rittenhouse 100 rye", "1/2 ounce buffalo trace bourbon", "1/2 ounce calvados", "1/2 ounce hine h cognac", "1 teaspoon demerara syrup", "2 dashes angostura bitters", "1 dash bittermens xocolatl mole bitters", "1 lemon twist", "1 orange twist" ],
  "sodium" : 2.0
}