{
  "recipeId" : 124,
  "directions" : [ "Using a long-handled fork char the peppers over an open flame, turning them, for 2 to 3 minutes, or until the skins are blackened. (Or broil the peppers on the rack of a broiler pan under a preheated broiler about 2 inches from the heat, turning them every 5 minutes, for 15 to 25 minutes, or until the skins are blistered and charred.) Transfer the peppers to a bowl and let them steam, covered, until they are cool enough to handle. Peel them starting at the blossom end, cut off the tops, and discard the seeds and ribs.", "In a kettle cook the chard stems in about 1/2 cup water, covered, over high heat for 5 minutes, add the chard leaves, and cook the chard, covered, stirring occasionally, for 5 minutes. Drain the chard well and in a bowl toss it with the roasted pepper, the oil, and salt and pepper to taste. Reserve 1 1/2 cups of the chard mixture, covered and chilled,, for making the cod cannelloni." ],
  "fat" : 7.0,
  "date" : "2004-08-20T04:00:00.000Z",
  "categories" : [ "Side", "Broil", "Vegetarian", "Quick & Easy", "High Fiber", "Bell Pepper", "Chill", "Vegan", "Chard", "Gourmet", "Pescatarian", "Paleo", "Dairy Free", "Wheat/Gluten-Free", "Peanut Free", "Tree Nut Free", "Soy Free", "No Sugar Added", "Kosher" ],
  "calories" : 123.0,
  "desc" : "This recipe is used to prepare Cod Cannelloni with Swiss Chard and Roasted Peppers .",
  "protein" : 5.0,
  "rating" : 3.75,
  "title" : "Swiss Chard with Roasted Pepper ",
  "ingredients" : [ "2 1/2 pound Swiss chard, washed well, the coarse stems removed and chopped coarse, and the leaves chopped coarse separately", "1 red bell pepper, roasted and chopped coarse", "2 tablespoons extra-virgin olive oil" ],
  "sodium" : 605.0
}