{
  "recipeId" : 391,
  "directions" : [ "Preheat oven to 400°F. Steam parsnips until tender, about 15 minutes. Transfer to baking sheet; roast until light brown, about 45 minutes. Puree in processor.", "Bring water, butter and salt to boil in heavy medium saucepan, stirring until butter melts. Reduce heat to low. Add flour all at once; stir vigorously until mixture forms ball, about 2 minutes. Transfer hot paste to bowl of heavy-duty mixer fitted with paddle attachment. Add eggs 1 at a time, beating well after each addition. Continue beating 1 minute. Add 2 cups parsnip puree to paste mixture (reserve any remaining puree for another use); beat to blend. Stir in pepper. (Dough can be made 2 hours ahead. Cover and let stand at room temperature.)", "Preheat oven to 350°F. Line large baking sheets with parchment. Transfer dough to pastry bag fitted with larger star tip. Pipe 2-inch-diameter rosettes onto sheets, spacing apart. Bake gnocchi until crisp and beginning to brown, about 25 minutes. Using spatula, transfer gnocchi to plates. Top with parsley, if desired." ],
  "fat" : 19.0,
  "date" : "2004-08-20T04:00:00.000Z",
  "categories" : [ "Bake", "Vegetarian", "Parsnip", "Bon Appétit" ],
  "calories" : 430.0,
  "desc" : "These unusual and delicious gnocchi are baked rather than boiled. To make them, the chef at L'Etoile in Madison, Wisconsin, mixes mashed parsnips with a classic French dough, known as choux paste, made of eggs, butter and flour.",
  "protein" : 9.0,
  "rating" : 3.125,
  "title" : "Parsnip Gnocchi ",
  "ingredients" : [ "3 pounds parsnips, peeled, cut into 2-inch-long pieces", "3/4 cup water", "1/2 cup (1 stick) butter", "3/4 teaspoon salt", "1 cup all purpose flour", "4 large eggs", "1/2 teaspoon ground black pepper", "1 tablespoon minced parsley (optional)" ],
  "sodium" : 364.0
}