{
  "recipeId" : 397,
  "directions" : [ "Purée scallions, garlic, ginger, gochujang, fish sauce, and rice vinegar in a blender. Heat oil in a large skillet over high heat. Cook cabbage, tossing often, until crisp-tender, about 5 minutes. Add scallion mixture and sliced scallions; season with salt." ],
  "fat" : null,
  "date" : "2014-02-13T04:00:00.000Z",
  "categories" : [ "Blender", "Leafy Green", "Side", "Sauté", "Quick & Easy", "Cabbage", "Bon Appétit", "Sugar Conscious", "Pescatarian", "Dairy Free", "Wheat/Gluten-Free", "Peanut Free", "Tree Nut Free", "No Sugar Added" ],
  "calories" : null,
  "desc" : "A nice alternative to its fermented cousin; put this on pork chops or fish.",
  "protein" : null,
  "rating" : 3.75,
  "title" : "Kimchi-Style Sautéed Cabbage ",
  "ingredients" : [ "2 scallions, cut into 1/2\" pieces, plus more, sliced", "2 garlic cloves", "1 1\" piece peeled ginger, chopped", "2 tablespoons gochujang", "1 tablespoon fish sauce (such as nam pla or nuoc nam)", "1 tablespoon unseasoned rice vinegar", "2 tablespoons vegetable oil", "1/2 head green cabbage, cut into 1\" strips", "Kosher salt" ],
  "sodium" : null
}