{
  "recipeId" : 432,
  "directions" : [ "Tie together mint and cilantro with kitchen string.", "Bring pork and water to a boil in a large pot, skimming froth, then reduce heat to a simmer. Add tied herbs, 20 garlic cloves, quartered onion, oregano, peppercorns, and 2 teaspoons salt and gently simmer, uncovered, until pork is very tender, about 2 hours. Strain broth through a large sieve into a large heatproof bowl. Return broth to pot. Discard mint and cilantro. Transfer cooked onion and garlic to a blender with 1 1/2 cups broth and purée until smooth (use caution when blending hot liquids). Add purée to broth. Discard bones and coarsely shred pork into broth.", "Meanwhile, slit chiles lengthwise, then stem and seed. Heat a large cast-iron skillet over medium heat until hot, then toast chiles in batches, opened flat, turning and pressing with tongs, until more pliable and slightly changed in color, about 30 seconds per batch. Transfer to a bowl and pour 2 1/2 cups boiling water over chiles. Soak, covered, until softened, about 30 minutes.", "Purée chiles with 1 1/2 cups soaking liquid, chopped onion, remaining 6 garlic cloves, clove, and 3/4 teaspoon salt in cleaned blender until a smooth paste forms, about 2 minutes.", "Heat oil in cast-iron skillet over medium heat until it shimmers, then add chile paste (it will spatter) and cook, stirring occasionally, until slightly thickened, 5 minutes.", "Add chile paste and hominy and simmer 5 minutes. Season with salt." ],
  "fat" : 72.0,
  "date" : "2007-08-10T04:40:44.000Z",
  "categories" : [ "Soup/Stew", "Blender", "Onion", "Pork", "Vegetable", "Dinner", "Lunch", "Meat", "Hot Pepper", "Hominy/Cornmeal/Masa", "Gourmet", "Dairy Free", "Wheat/Gluten-Free", "Peanut Free", "Tree Nut Free", "Soy Free", "No Sugar Added" ],
  "calories" : 1010.0,
  "desc" : "Pozole Rojo",
  "protein" : 54.0,
  "rating" : 4.375,
  "title" : "Pork and Hominy Stew ",
  "ingredients" : [ "1 bunch mint (1 ounce)", "1 bunch cilantro (1 ounce)", "4 pound country-style pork ribs (not lean)", "10 cups water", "26 garlic cloves (about 1 1/2 heads), peeled, divided", "1 (1/2-pound) white onion, quartered, plus 1/2 cup, chopped", "1 teaspoon dried oregano (preferably Mexican)", "5 whole black peppercorns", "2 ounces dried guajillo or New Mexico chiles (6 to 9), wiped clean", "1 1/2 ounces dried ancho chiles (2 to 4), wiped clean", "1 whole clove", "2 tablespoons vegetable oil", "3 (15-ounce) cans hominy (also called pozole), rinsed and drained", "Accompaniments: diced avocado; crema; queso fresco; thinly sliced iceberg or romaine lettuce; chopped white onion; sliced radishes; fried tortilla strips or chips; lime wedges; dried oregano; dried hot red-pepper flakes" ],
  "sodium" : 689.0
}