{
  "recipeId" : 322,
  "directions" : [ "Place cranberries in a small bowl and cover with very hot water; set aside.", "Melt butter in a large heavy pot over high heat. Scrape in vanilla seeds; discard pod. Add brown sugar and salt and cook, stirring, until combined. Add apples and cook, stirring often, until apples are soft and liquid is almost completely evaporated, 15–20 minutes.", "Transfer apple mixture to a large serving bowl. Drain cranberries, add to apple mixture, and toss to combine." ],
  "fat" : 8.0,
  "date" : "2016-10-08T00:50:00.000Z",
  "categories" : [ "Thanksgiving", "Dessert", "Condiment", "Apple", "Cranberry", "Fall", "Butterscotch/Caramel", "Friendsgiving" ],
  "calories" : 203.0,
  "desc" : "Serve these luscious butterscotch-glazed apples with this Cinnamon-Oat Crumble Topping for a quick apple crisp, atop pancakes or a Dutch Baby for a delicious fall-flavored breakfast, or alongside our Build-Your-Own Thanksgiving Pie Bar.",
  "protein" : 0.0,
  "rating" : 0.0,
  "title" : "Stovetop Butterscotch Apples and Cranberries ",
  "ingredients" : [ "1/2 cup dried cranberries", "4 tablespoons unsalted butter, divided", "1/2 vanilla bean, split lengthwise", "1/2 cup light brown sugar", "1/8 teaspoon kosher salt", "6 red-skinned, sweet apples, such as Honeycrisp or Gala, cored, cut into 1/2\" slices" ],
  "sodium" : 46.0
}