{
  "recipeId" : 33,
  "directions" : [ "In a food processor grind the ham until it is minced, add the mustard, the butter, the honey, and the cloves, and blend the mixture until it is smooth. Transfer the mixture into a bowl and stir in the onion, the pickle, and pepper to taste. Serve the deviled ham with crackers or as a sandwich filling." ],
  "fat" : 13.0,
  "date" : "2004-08-20T04:00:00.000Z",
  "categories" : [ "Food Processor", "Mustard", "Onion", "Quick & Easy", "Ham", "Spring", "Gourmet" ],
  "calories" : 185.0,
  "desc" : "Can be prepared in 45 minutes or less.",
  "protein" : 10.0,
  "rating" : 3.125,
  "title" : "Deviled Ham ",
  "ingredients" : [ "3/4 pound cooked ham, cut into pieces", "1/4 cup Dijon-style mustard", "1/2 stick (1/4 cup) unsalted butter, softened", "1 tablespoon honey", "1/4 teaspoon ground cloves", "3 tablespoons minced onion", "3 tablespoons minced sweet pickle" ],
  "sodium" : 765.0
}