{
  "recipeId" : 27,
  "directions" : [ "Preheat oven to 275°F. Mix sugar and spices in small bowl. Place pear slices on rack set over baking sheet. Sprinkle with spiced sugar. Bake until almost dry, about 1 hour. Cool. Store airtight up to 2 days." ],
  "fat" : 0.0,
  "date" : "2007-07-26T17:36:37.000Z",
  "categories" : [ "Bake", "Kid-Friendly", "Pear", "Spice", "Healthy", "Bon Appétit" ],
  "calories" : 14.0,
  "desc" : "Use a V-slicer (a simple, inexpensive version of a mandoline available at cookware stores) for the paper-thin pear slices.",
  "protein" : 0.0,
  "rating" : 2.5,
  "title" : "Dried Pear Crisps ",
  "ingredients" : [ "1 tablespoon sugar", "1/4 teaspoon ground ginger", "1/4 teaspoon cinnamon", "20 paper-thin pear slices (from 1 pear)" ],
  "sodium" : 0.0
}