{
  "recipeId" : 405,
  "directions" : [ "Combine first 3 ingredients in processor; blend until clumps form. Gather dough into ball; flatten into square. Wrap in plastic; freeze until cold enough to roll, about 15 minutes, or refrigerate up to 1 day.", "Preheat oven to 375°F. Butter baking sheet. Cut dough crosswise in half. Roll out each piece on floured surface to 12x8-inch rectangle. Spread each with 1/4 cup jam. Top each with 1/2 cup coconut and 1/2 cup cherries. Starting at 1 long side, roll dough up jelly-roll style; seal long seam. Cut each roll crosswise into 12 pieces. Arrange pieces, cut side up, on prepared sheet. Flatten each to 1/2-inch thickness.", "Bake cookies until golden brown, about 25 minutes. Cool on rack." ],
  "fat" : 7.0,
  "date" : "2004-08-20T04:00:00.000Z",
  "categories" : [ "Cookies", "Food Processor", "Fruit", "Dessert", "Bake", "Vegetarian", "Cream Cheese", "Apricot", "Cherry", "Coconut", "Bon Appétit", "Florida", "Kidney Friendly", "Pescatarian", "Peanut Free", "Tree Nut Free", "Soy Free", "Kosher" ],
  "calories" : 105.0,
  "desc" : "These cookies are perfect with a cup of tea.",
  "protein" : 1.0,
  "rating" : 3.125,
  "title" : "Cream Cheese Strudel Cookies ",
  "ingredients" : [ "1 cup all purpose flour", "4 ounces chilled cream cheese, cut into 1/2-inch pieces", "1/2 cup (1 stick) chilled unsalted butter, cut into 1/2-inch pieces", "1/2 cup apricot jam", "1 cup sweetened flaked coconut", "1 cup dried tart or Bing cherries" ],
  "sodium" : 31.0
}