{
  "recipeId" : 379,
  "directions" : [ "Combine all ingredients with ice in shaker. Shake well and strain into chilled Martini glasses." ],
  "fat" : null,
  "date" : "2008-12-22T04:00:00.000Z",
  "categories" : [ "Gin", "Alcoholic", "Cocktail Party", "Quick & Easy", "Oscars", "Aperitif", "Orange", "Campari", "Gourmet", "Drink" ],
  "calories" : null,
  "desc" : "These cocktails are as much fun to drink as they are to say. Tony Oltranti adds freshly squeezed orange juice to a traditional Italian aperitif and serves it straight up in a chilled Martini glass. Salute!",
  "protein" : null,
  "rating" : 0.0,
  "title" : "Tony's Negronis ",
  "ingredients" : [ "3 ounces (6 tablespoons) gin", "3 ounces (6 tablespoons) Campari", "3 ounces (6 tablespoons) sweet (red) vermouth", "2 splashes fresh orange juice", "Equipment: a cocktail shaker", "Garnish: orange twists" ],
  "sodium" : null
}