{
  "recipeId" : 106,
  "directions" : [ "On a baking sheet toast the bread slices in batches under a preheated broiler about 3 inches from the heat for about 1 minute on each side, or until they are golden, transferring them as they are toasted to a work surface. Rub one side of each toast slice with the cut side of a garlic clove, brush it with some of the oil, and season it with salt." ],
  "fat" : 11.0,
  "date" : "2004-08-20T04:00:00.000Z",
  "categories" : [ "Bread", "Garlic", "Gourmet" ],
  "calories" : 201.0,
  "desc" : null,
  "protein" : 4.0,
  "rating" : 3.75,
  "title" : "Garlic Bruschetta ",
  "ingredients" : [ "eight 3/4-inch-thick slices of crusty peasant bread (preferably from a large round loaf)", "3 garlic cloves, halved crosswise", "6 tablespoons olive oil (preferably extra-virgin)" ],
  "sodium" : 210.0
}