{
  "recipeId" : 475,
  "directions" : [ "Whisk first 4 ingredients in small bowl to blend; set dressing aside. Combine remaining ingredients in large bowl. Cover dressing and fruit separately and chill until ready to serve, up to 6 hours.", "Mix dressing into fruit. Let stand 15 minutes to blend flavors." ],
  "fat" : 1.0,
  "date" : "2004-08-20T04:00:00.000Z",
  "categories" : [ "Brunch", "Dessert", "No-Cook", "Yogurt", "Strawberry", "Lime", "Melon", "Papaya", "Pineapple", "Summer", "Chill", "Healthy", "Honey", "Grape", "Bon Appétit", "Vegetarian", "Pescatarian", "Wheat/Gluten-Free", "Peanut Free", "Tree Nut Free", "Soy Free", "Kosher" ],
  "calories" : 143.0,
  "desc" : "\"I literally didn't know how to boil an egg until I was in my 20's — when I tried to impress a guy by making dinner for him,\" writes Sally Siegel of Pittsburgh, Pennsylvania. \"I didn't have much success with the dinner or the guy, but I regrouped and put together a repertoire of fairly elegant dishes I felt confident making. Over the years, my cooking style has become more casual; I make dishes that are not too demanding, but still special for company.\"",
  "protein" : 2.0,
  "rating" : 4.375,
  "title" : "Fruit Salad with Honey-Lime Dressing ",
  "ingredients" : [ "1/2 cup plain yogurt", "1/4 cup fresh lime juice", "1/4 cup honey", "1 teaspoon grated lime peel", "2 cups diced peeled cantaloupe", "2 cups diced peeled honeydew melon", "2 cups seedless red or green grapes", "2 cups diced peeled cored pineapple", "1 1/2 cups diced peeled papaya", "1 cup halved hulled strawberries" ],
  "sodium" : 26.0
}