{
  "recipeId" : 129,
  "directions" : [ "Preheat oven to 400°F. Generously butter 11x7x2-inch glass baking dish. Whisk first 7 ingredients in medium bowl to blend. Arrange 1/3 of potatoes in bottom of prepared dish, overlapping slightly and covering completely. Pour 1/3 of cream mixture over. Repeat layering potatoes and cream mixture 2 more times. Bake uncovered until potatoes are tender and top is golden brown in spots, about 1 hour 15 minutes. Serve hot." ],
  "fat" : 58.0,
  "date" : "2004-08-20T04:00:00.000Z",
  "categories" : [ "Milk/Cream", "Cheese", "Dairy", "Garlic", "Potato", "Side", "Christmas", "Easter", "Thanksgiving", "Mother's Day", "Casserole/Gratin", "Goat Cheese", "Root Vegetable", "Fall", "Winter", "Bon Appétit", "Vegetarian", "Pescatarian", "Wheat/Gluten-Free", "Peanut Free", "Tree Nut Free", "Soy Free", "No Sugar Added", "Kosher" ],
  "calories" : 748.0,
  "desc" : null,
  "protein" : 17.0,
  "rating" : 4.375,
  "title" : "Potato Gratin with Goat Cheese and Garlic ",
  "ingredients" : [ "1 cup whole milk", "1 cup whipping cream", "1 cup crumbled soft fresh goat cheese (such as Montrachet; about 5 ounces)", "1 garlic clove, minced", "1 1/2 teaspoons salt", "3/4 teaspoon ground black pepper", "1/8 teaspoon ground nutmeg", "2 pounds Yukon Gold potatoes, peeled, thinly sliced" ],
  "sodium" : 1115.0
}