{
  "recipeId" : 119,
  "directions" : [ "Pour first three ingredients over ice cubes in old-fashioned glass. Top with club soda." ],
  "fat" : 0.0,
  "date" : "2006-10-11T14:24:45.000Z",
  "categories" : [ "Bitters", "Bourbon", "Liqueur", "Alcoholic", "Cocktail Party", "Cocktail", "Bon Appétit", "Drink" ],
  "calories" : 107.0,
  "desc" : null,
  "protein" : 0.0,
  "rating" : 2.5,
  "title" : "Laddie's Sub-Bourbon ",
  "ingredients" : [ "1 1/2 ounces bourbon", "1 dash orange curaçao", "5 drops angostura bitters", "club soda" ],
  "sodium" : 0.0
}