{
  "recipeId" : 197,
  "directions" : [ "Puree raspberries in syrup in processor. Strain puree; discard seeds. Beat whipping cream and sugar in medium bowl until stiff peaks form. Drizzle raspberry puree over cream. Using knife, swirl raspberry puree into cream just until marbled in appearance. (Can be prepared 4 hours ahead. Cover and chill.)" ],
  "fat" : 18.0,
  "date" : "2004-08-20T04:00:00.000Z",
  "categories" : [ "Sauce", "Milk/Cream", "Fruit", "No-Cook", "Quick & Easy", "Raspberry", "Bon Appétit" ],
  "calories" : 228.0,
  "desc" : null,
  "protein" : 2.0,
  "rating" : 5.0,
  "title" : "Marbled Raspberry Cream ",
  "ingredients" : [ "1/2 cup thawed frozen raspberries in syrup", "3/4 cup chilled whipping cream", "2 tablespoons sugar" ],
  "sodium" : 17.0
}