{
  "recipeId" : 383,
  "directions" : [ "Preheat oven to 350°F. and butter and flour a 9-inch square baking pan, knocking out excess flour.", "In a small bowl stir preserves until smooth. In a heavy 1 1/2-quart saucepan melt chocolate and butter over low heat, stirring, until smooth and remove pan from heat. Cool mixture 10 minutes and stir in sugar, vanilla, and almond extract. Add eggs, 1 at a time, beating well with a wooden spoon until mixture is glossy and smooth. In a bowl sift together flour, baking powder, and salt and add to chocolate mixture, beating just until batter is combined well.", "Spread half of batter evenly in pan. Drop preserves by spoonfuls onto batter and spread carefully to form an even layer. Drop remaining chocolate batter by spoonfuls onto raspberry preserves and spread carefully to form an even top layer. Sprinkle batter evenly with hazelnuts and bake in middle of oven 25 to 30 minutes, or until a tester comes out clean. Cool brownies completely in pan on a rack before cutting into 16 squares. Brownies keep, layered between sheets of wax paper in an airtight container at cool room temperature, 5 days." ],
  "fat" : 17.0,
  "date" : "2004-08-20T12:48:48.000Z",
  "categories" : [ "Chocolate", "Nut", "Dessert", "Bake", "Picnic", "Raspberry", "Hazelnut", "Jam or Jelly", "Gourmet" ],
  "calories" : 288.0,
  "desc" : "Raspberries taste wonderful with chocolate, and so do hazelnuts. All three flavors unite compatibly in this cake-like brownie.",
  "protein" : 4.0,
  "rating" : 4.375,
  "title" : "Raspberry Hazelnut Brownies ",
  "ingredients" : [ "1/3 cup raspberry preserves, forced through a fine sieve to remove seeds if desired", "3 1/2 ounces unsweetened chocolate, chopped", "1 1/4 sticks (10 tablespoons) unsalted butter, cut into pieces", "1 cup sugar", "1 teaspoon vanilla", "1/4 teaspoon almond extract", "2 large eggs", "3/4 cup all-purpose flour", "1/2 teaspoon baking powder", "1/2 teaspoon salt", "1/2 cup hazelnuts, toasted, skinned and chopped fine" ],
  "sodium" : 130.0
}