{
  "recipeId" : 275,
  "directions" : [ "Sauté sausage in heavy large skillet over medium-high heat until brown and cooked through, breaking up large pieces with fork, about 12 minutes. Using slotted spoon, transfer sausage to plate. Add mushrooms and crushed red pepper to drippings in skillet. Cover and cook until mushrooms are tender, stirring occasionally, about 6 minutes. Add 3/4 cup broth and cream to skillet and set aside.", "Cook pasta in large pot of boiling salted water until just tender but still firm to bite. Drain pasta; return to same pot. Add sausage, mushroom mixture and cheese. Toss over medium heat until sauce coats pasta thickly, adding more broth by 1/4 cupfuls if mixture is dry, about 3 minutes. Season pasta to taste with salt and pepper." ],
  "fat" : 26.0,
  "date" : "2004-08-20T04:00:00.000Z",
  "categories" : [ "Milk/Cream", "Dairy", "Mushroom", "Pasta", "Pork", "Sauté", "Father's Day", "Dinner", "Sausage", "Spring", "Bon Appétit", "Massachusetts" ],
  "calories" : 787.0,
  "desc" : null,
  "protein" : 45.0,
  "rating" : 3.75,
  "title" : "Linguine with Sausage, Mushroom and Cream Sauce ",
  "ingredients" : [ "1 pound sweet Italian sausages, casings removed", "3/4 pound mushrooms, chopped", "1/2 teaspoon dried crushed red pepper", "3/4 cup (or more) canned low-salt chicken broth", "3/4 cup whipping cream", "1 pound linguine", "1 cup (packed) grated Parmesan cheese (about 3 ounces)" ],
  "sodium" : 1006.0
}