{
  "recipeId" : 95,
  "directions" : [ "At Kachka, they make mayo from scratch. But Hellmann's (a.k.a. Best Foods) will do just fine. Pulse 1 1/2 cups (packed) fresh parsley leaves, 1 1/2 cups mayonnaise, and 2 tablespoons mustard in a food processor until smooth; season with salt and pepper." ],
  "fat" : 34.0,
  "date" : "2014-12-02T04:00:00.000Z",
  "categories" : [ "Sauce", "Salad Dressing", "Condiment", "Mayonnaise", "Parsley", "Bon Appétit", "Portland", "Oregon" ],
  "calories" : 306.0,
  "desc" : null,
  "protein" : 0.0,
  "rating" : 0.0,
  "title" : "Parsley Mayo ",
  "ingredients" : [ "1 1/2 cups (packed) fresh parsley leaves", "1 1/2 cups mayonnaise", "2 tablespoons mustard", "Kosher salt", "Freshly ground pepper" ],
  "sodium" : 302.0
}