{
  "recipeId" : 94,
  "directions" : [ "Finely grind star anise in spice grinder or in mortar with pestle. Rub half of ground star anise over lamb shanks. Sprinkle lamb with salt and pepper. Heat 2 tablespoons oil in heavy large pot over medium-high heat. Working in batches, add lamb to pot; brown on all sides, about 12 minutes per batch. Transfer lamb to bowl. Add 1 tablespoon oil to pot; add onions, celery, carrots and garlic and sauté until golden, about 10 minutes. Return lamb to pot. Add all stock, orange juice, peel and remaining star anise. Bring to boil. Reduce heat; cover and simmer until lamb is tender, about 1 hour 45 minutes. (Can be made 1 day ahead. Cover and chill. Rewarm over medium heat before continuing.)", "Transfer lamb to large bowl. Cover with foil. Working in batches, transfer cooking liquid and vegetables to processor; puree until smooth. Return liquid to pot. Boil until liquid is reduced to 6 cups, about 20 minutes. Mix in honey. Season to taste with salt and pepper. Pour over lamb and serve." ],
  "fat" : 70.0,
  "date" : "2004-08-20T04:00:00.000Z",
  "categories" : [ "Citrus", "Onion", "Vegetable", "Braise", "Orange", "Lamb Shank", "Winter", "Anise", "Bon Appétit" ],
  "calories" : 1118.0,
  "desc" : "For convenience, the lamb can be prepared one day ahead, then slowly rewarmed before you plan to serve it.",
  "protein" : 92.0,
  "rating" : 3.125,
  "title" : "Lamb Shanks Braised with Anise and Orange ",
  "ingredients" : [ "8 whole star anise", "6 lamb shanks (about 1 pound each), fat and sinew trimmed", "3 tablespoons olive oil", "3 cups chopped onions", "2 1/2 cups chopped celery", "1 1/2 cups chopped carrots", "2 tablespoons chopped garlic", "4 cups chicken stock or canned low-salt chicken broth", "4 cups beef stock or canned beef broth", "1 cup orange juice", "2 1/2 tablespoons grated orange peel", "1 tablespoon honey" ],
  "sodium" : 1226.0
}