{
  "recipeId" : 97,
  "directions" : [ "Whisk first 3 ingredients in small bowl to blend. Gradually whisk in 5 tablespoons olive oil.", "Heat remaining 1 tablespoon oil in large nonstick skillet over medium-high heat. Add cabbage and sauté just until wilted, about 3 minutes. Transfer to large bowl; cool completely.", "Mix roast beef, celery root, onion, cheese and dressing into cabbage. Season with salt and pepper. Divide salad between 2 plates. Sprinkle with parsley." ],
  "fat" : 52.0,
  "date" : "2004-08-20T04:00:00.000Z",
  "categories" : [ "Salad", "Beef", "Quick & Easy", "Lunch", "Horseradish", "Blue Cheese", "Cabbage", "Bon Appétit" ],
  "calories" : 645.0,
  "desc" : null,
  "protein" : 22.0,
  "rating" : 3.125,
  "title" : "Roast Beef Salad with Cabbage and Horseradish ",
  "ingredients" : [ "3 tablespoons prepared white horseradish", "2 tablespoons plus 1 teaspoon balsamic vinegar", "2 1/4 teaspoons Dijon Mustard", "6 tablespoons olive oil", "4 cups finely shredded red cabbage", "6 ounces thinly sliced roast beef, cut crosswise into strips", "1 cup coarsely grated peeled celery root (celeriac)", "1/2 cup thinly sliced red onion", "1/2 cup crumbled Roquefort cheese", "Chopped fresh parsley" ],
  "sodium" : 324.0
}