{
  "recipeId" : 24,
  "directions" : [ "Preheat oven to 325°F. Toss pecans and melted butter in medium bowl to coat. Add sea salt and toss. Spread pecans in single layer on rimmed baking sheet.", "Bake until fragrant and slightly darkened in color, about 15 minutes. Cool pecans on baking sheet." ],
  "fat" : 30.0,
  "date" : "2007-01-18T04:25:29.000Z",
  "categories" : [ "Nut", "Bake", "Cocktail Party", "Super Bowl", "Quick & Easy", "Pecan", "Fall", "Winter", "Shower", "Bon Appétit" ],
  "calories" : 279.0,
  "desc" : null,
  "protein" : 3.0,
  "rating" : 3.75,
  "title" : "Sea Salt-Roasted Pecans ",
  "ingredients" : [ "2 cups pecan halves", "3 tablespoons unsalted butter, melted", "1 1/4 teaspoons fine sea salt" ],
  "sodium" : 206.0
}