{
  "recipeId" : 7,
  "directions" : [ "Stir together sugar and chili powder. Whisk egg whites with water until dissolved. Working with 1 kumquat at a time, dip 1 side in whites, letting excess drip off, then dip in sugar mixture. Transfer to a rack to dry, coated side up." ],
  "fat" : null,
  "date" : "2004-08-20T04:00:00.000Z",
  "categories" : [ "Egg", "Fruit", "No-Cook", "Cocktail Party", "Vegetarian", "Winter", "Kumquat", "Gourmet" ],
  "calories" : null,
  "desc" : "Pop one of these in your mouth for a burst of bittersweet flavor.",
  "protein" : null,
  "rating" : 3.75,
  "title" : "Spicy-Sweet Kumquats ",
  "ingredients" : [ "6 tablespoons granulated sugar", "1 1/2 tablespoons chili powder", "4 teaspoons powdered egg whites (see Cooks' notes)", "1/4 cup warm water", "60 kumquats (preferably thin-skinned)" ],
  "sodium" : null
}