{
  "recipeId" : 232,
  "directions" : [ "Preheat oven to 375°F. Butter large roasting pan with 1 tablespoon butter. Arrange squash pieces, skin side up, in prepared roasting pan. Add parsnips and 1/4 cup water to pan. Cover pan with foil; bake until vegetables are very tender, about 50 minutes. Cool vegetables.", "Meanwhile, melt remaining 2 tablespoons butter in heavy large skillet over medium-low heat. Add onion and thyme; sauté until onion is tender and golden, about 10 minutes. Remove from heat.", "Scrape squash pulp into processor (discard peels); add parsnips and onion mixture. Puree until smooth. Mix in broth. Transfer mixture to heavy large saucepan. Whisk in half and half. Bring to simmer. Season with salt and pepper. (Can be prepared 1 day ahead. Cover and refrigerate. Rewarm before serving.)" ],
  "fat" : 12.0,
  "date" : "2004-08-20T04:00:00.000Z",
  "categories" : [ "Soup/Stew", "Dairy", "Vegetable", "Appetizer", "Christmas", "Thanksgiving", "Lunch", "Root Vegetable", "Parsnip", "Squash", "Butternut Squash", "Fall", "Winter", "Bon Appétit", "Wheat/Gluten-Free", "Peanut Free", "Tree Nut Free", "Soy Free", "No Sugar Added" ],
  "calories" : 262.0,
  "desc" : null,
  "protein" : 7.0,
  "rating" : 4.375,
  "title" : "Butternut Squash-Parsnip Soup with Thyme ",
  "ingredients" : [ "3 tablespoons butter", "1 2-pound butternut squash, unpeeled, halved lengthwise, seeded, cut into 8 pieces", "1 pound parsnips, peeled, cut crosswise into 2-inch pieces, thick end pieces cut lengthwise in half", "1/4 cup water", "1 onion, halved, thinly sliced", "2 teaspoons minced fresh thyme or 3/4 teaspoon dried", "4 cups canned low-salt chicken broth", "1 cup half and half" ],
  "sodium" : 80.0
}