{
  "recipeId" : 353,
  "directions" : [ "Melt butter with oil in large pot over medium-high heat. Add onions; sauté until soft and dark brown, about 20 minutes. Add chicken broth, cider, and thyme sprigs. Bring to boil. Reduce heat; season with salt and pepper. Simmer soup, uncovered, 25 minutes. Discard thyme sprigs. (Soup can be made 1 day ahead. Cool slightly. Chill uncovered until cold, then cover and keep refrigerated. Rewarm over low heat before continuing.) Divide among 6 soup bowls, garnish with chopped thyme, and serve." ],
  "fat" : 16.0,
  "date" : "2004-10-07T21:15:41.000Z",
  "categories" : [ "Soup/Stew", "Fruit Juice", "Onion", "Quick & Easy", "Wheat/Gluten-Free", "Apple", "Fall", "Thyme", "Simmer", "Bon Appétit" ],
  "calories" : 308.0,
  "desc" : "Heat leftover apple cider with a cinnamon stick on the stove top. It makes a great warm drink—and instant aromatherapy.",
  "protein" : 6.0,
  "rating" : 3.75,
  "title" : "Onion Soup with Apple Cider ",
  "ingredients" : [ "4 tablespoons unsalted butter", "3 tablespoons olive oil", "6 large onions (about 3 1/2 pounds), halved, thinly sliced", "3 cups low-salt chicken broth", "2 1/2 cups bottled apple cider", "12 large thyme sprigs", "Chopped fresh thyme" ],
  "sodium" : 53.0
}