{
  "recipeId" : 301,
  "directions" : [ "Finely grind pumpkin seeds and horseradish in a food processor. Add cilantro and lime juice; pulse until cilantro is finely chopped. With motor running, stream in 1/4 cup oil; process just to combine. Add more oil if pesto is too thick; season with salt.", "Pesto can be made 5 days ahead. Cover and chill." ],
  "fat" : null,
  "date" : "2016-01-01T19:47:00.000Z",
  "categories" : [ "Bon Appétit", "Horseradish", "Seed", "Sauce", "Kid-Friendly", "Cilantro", "Quick and Healthy" ],
  "calories" : null,
  "desc" : "Try this schmeared on toast, tossed with pasta, or dolloped on a baked potato.",
  "protein" : null,
  "rating" : 1.25,
  "title" : "Horseradish-Pumpkin Seed Pesto ",
  "ingredients" : [ "1/2 cup unsalted, roasted pumpkin seeds (pepitas)", "2 tablespoons grated peeled horseradish or 1 drained prepared horseradish", "2 cups cilantro leaves with tender stems", "1 tablespoon fresh lime juice", "1/4 cup (or more) olive oil", "Kosher salt" ],
  "sodium" : null
}