{
  "recipeId" : 454,
  "directions" : [ "Combine 1 cup water, Port, sugar, cinnamon sticks, and ginger in heavy medium saucepan. Bring to boil over high heat, stirring until sugar dissolves. Add fruit. Reduce heat to medium. Simmer until fruit is tender and syrup thickens slightly, stirring occasionally, about 10 minutes. Transfer compote to bowl. Cover and chill at least 4 hours and up to 1 day." ],
  "fat" : 0.0,
  "date" : "2004-08-20T04:00:00.000Z",
  "categories" : [ "Fruit", "Ginger", "Dessert", "Port", "Winter", "Vegan", "Bon Appétit", "California", "Fat Free", "Kidney Friendly", "Vegetarian", "Pescatarian", "Dairy Free", "Wheat/Gluten-Free", "Peanut Free", "Tree Nut Free", "Soy Free", "Kosher" ],
  "calories" : 136.0,
  "desc" : "Carol Gilbert of Saratoga, California, writes: \"I've been working full-time since my daughter was in high school, but it took about ten years to get over the notion that I should be cooking everything — the way my mother did — and climb the corporate ladder. There's simply not enough time. I finally realized I didn't have to make everything from scratch; now I give myself permission to buy a dessert or a salad dressing if I need to.\"",
  "protein" : 1.0,
  "rating" : 4.375,
  "title" : "Dried Fruit Compote with Port, Cinnamon, and Ginger ",
  "ingredients" : [ "1 cup water", "1 cup ruby Port", "1/2 cup sugar", "2 cinnamon sticks", "2 tablespoons finely chopped crystallized ginger", "2 8-ounce bags mixed dried fruits, large pieces quartered" ],
  "sodium" : 20.0
}