{
  "recipeId" : 453,
  "directions" : [ "Bring ingredients to boil over medium-high heat, stirring until sugar dissolves. Reduce heat and simmer 10 minutes. Remove from heat; cover and let steep 1 hour. Strain syrup into small pitcher; discard solids in strainer. Cover and refrigerate syrup until cold, about 3 hours. (Can be made 1 week ahead. Keep chilled.)" ],
  "fat" : 0.0,
  "date" : "2006-05-01T04:00:00.000Z",
  "categories" : [ "Non-Alcoholic", "Ginger", "Spice", "Chill", "Boil", "Bon Appétit", "Drink" ],
  "calories" : 406.0,
  "desc" : null,
  "protein" : 0.0,
  "rating" : 3.75,
  "title" : "Ginger Spice Syrup ",
  "ingredients" : [ "For each syrup, start by mixing 2 cups water and 2 cups sugar in medium saucepan.", "Add 3 tablespoons grated peeled fresh ginger, 3 cinnamon sticks, 3 whole star anise, and a pinch of ground nutmeg." ],
  "sodium" : 10.0
}