{
  "recipeId" : 85,
  "directions" : [ "heat the oil in a frying pan and sauté the onion and garlic until soft and lightly browned, 4-5 minutes. Grate the zest from the lemon and squeeze the juice. Add the lemon zest, half the lemon juice, the sugar, vinegar, ketchup, Worcestershire sauce, Tabasco sauce and chili powder to the onion and simmer gently, 5 minutes. Taste, adjust the seasoning and let cool.", "Light the grill. Season the pork chops with salt and pepper and brush with the cooled barbecue sauce. Grill them, basting often, 5-7 minutes. Turn over and continue grilling and basting until the chops are done, 5-7 minutes longer." ],
  "fat" : 28.0,
  "date" : "2004-08-20T04:00:00.000Z",
  "categories" : [ "Pork", "Low Cal", "Pork Chop" ],
  "calories" : 599.0,
  "desc" : "Constant basting with this lively sauce ensures moist chops and plenty of flavor. Warm potato salad with tarragon and white wine is the natural accompaniment.",
  "protein" : 48.0,
  "rating" : 4.375,
  "title" : "Grilled Pork Chops with Classic Barbecue Sauce ",
  "ingredients" : [ "4 pork loin chops (about 1/2 pound/2.50g each), cut 1 inch/2.5 cm thick", "salt and pepper", "2 tablespoons vegetable oil", "1 onion, finely chopped", "1 garlic clove, finely chopped", "1 lemon", "1/2 cup/100 g brown sugar", "1/4 cup/60 ml vinegar", "1/2 cup/125 ml tomato ketchup", "1 tablespoon Worcestershire sauce", "1/2 teaspoon Tabasco sauce, or to taste", "1/4 teaspoon chili powder, or to taste" ],
  "sodium" : 1038.0
}