{
  "recipeId" : 214,
  "directions" : [ "Peel, quarter, and core apple, then cut into 1/4-inch-thick wedges.", "Heat oil in a 5-quart pot over moderately high heat until hot but not smoking, then sauté onion, stirring occasionally, until golden. Add apple and curry powder and sauté, stirring, until apple is almost tender, about 2 minutes.", "Add kale and water and cook, covered, stirring occasionally, until kale is tender and most of liquid is evaporated, about minutes.", "Season with salt." ],
  "fat" : 29.0,
  "date" : "2004-08-20T04:00:00.000Z",
  "categories" : [ "Onion", "Side", "Sauté", "Quick & Easy", "Apple", "Curry", "Kale", "Gourmet", "Dairy Free", "Wheat/Gluten-Free", "Peanut Free", "Tree Nut Free", "Soy Free", "No Sugar Added" ],
  "calories" : 454.0,
  "desc" : "Active time: 15 min Start to finish: 15 min",
  "protein" : 19.0,
  "rating" : 3.75,
  "title" : "Kale with Sauteed Apple and Onion ",
  "ingredients" : [ "1 Granny Smith apple", "2 tablespoons olive oil", "1 medium onion, cut into 1/4-inch wedges", "1/4 teaspoon curry powder", "1 lb kale, tough stems and ribs removed and leaves coarsely chopped", "1/2 cup water" ],
  "sodium" : 136.0
}