{
  "recipeId" : 348,
  "directions" : [ "Blend all ingredients in a blender until smooth." ],
  "fat" : 2.0,
  "date" : "2004-09-22T18:35:00.000Z",
  "categories" : [ "Fruit Juice", "Smoothie", "Non-Alcoholic", "Strawberry", "Banana", "Spring", "Gourmet", "Drink" ],
  "calories" : 122.0,
  "desc" : null,
  "protein" : 4.0,
  "rating" : 3.75,
  "title" : "Strawberry Banana Smoothie ",
  "ingredients" : [ "1 lb strawberries (about 1 qt), trimmed and halved", "1 ripe banana, cut into pieces", "1 cup ice cubes", "1/2 cup silken tofu", "1/2 cup orange juice", "2 tablespoons sugar" ],
  "sodium" : 8.0
}